<Maps>

    <Map Name="RWY34" Type="System" Pattern="Solid" Priority="1" Center="+19.433611+037.2341673">
        <Runway Name="34">
            <Threshold Name="16" Position="+19.444628+037.231420" ExtendedCentrelineTrack="167.4"
                ExtendedCentrelineLength="10" ExtendedCentrelineTickInterval="1" />
            <Threshold Name="34" Position="+19.422618+037.236670" />
        </Runway>
    </Map>
    <Map Name="RWY16" Type="System" Pattern="Solid" Priority="1" Center="+19.433611+037.2341673">
        <Runway Name="34">
            <Threshold Name="16" Position="+19.444628+037.231420" />
            <Threshold Name="34" Position="+19.422618+037.236670" ExtendedCentrelineTrack="347.4"
                ExtendedCentrelineLength="10" ExtendedCentrelineTickInterval="1" />
        </Runway>
    </Map>

    <Map Type="System" Name="RWY16 STARs" Priority="0" Center="+19.433611+037.2341673">
        <Line Pattern="Solid">ALKET/PN404</Line>
        <Line Pattern="Solid">DAPEN/PN770/PN412/PN406/PN404</Line>
        <Line Pattern="Solid">NABUT/PN770/PN412/PN406/PN404</Line>
        <Line Pattern="Solid">PEKAB/PN410/PN404</Line>
        <Line Pattern="Solid">PURAG/PN411/PN409/PN407/PN405/PN404</Line>
        <Line Pattern="Solid">SENKA/PN413/PN409/PN407/PN405/PN404</Line>
    </Map>
    <Map Type="System" Name="RWY16 STARs Labels" Priority="0" Center="+19.433611+037.2341673">
        <Symbol Type="HollowStar">
            <Point>PN404</Point>
            <Point>PN409</Point>
            <Point>PN413</Point>
            <Point>PN770</Point>
            <Point>PEKAB</Point>
            <Point>PN410</Point>
            <Point>PN412</Point>
            <Point>PURAG</Point>
            <Point>SENKA</Point>
            <Point>PN405</Point>
            <Point>R165U</Point>
            <Point>DAPEN</Point>
            <Point>PN406</Point>
            <Point>ALKET</Point>
            <Point>PN411</Point>
            <Point>PN407</Point>
            <Point>NABUT</Point>
        </Symbol>
        <Label HasLeader="true">
            <Point>PN404</Point>
            <Point>PN409</Point>
            <Point>PN413</Point>
            <Point>PN770</Point>
            <Point>PEKAB</Point>
            <Point>PN410</Point>
            <Point>PN412</Point>
            <Point>PURAG</Point>
            <Point>SENKA</Point>
            <Point>PN405</Point>
            <Point>R165U</Point>
            <Point>DAPEN</Point>
            <Point>PN406</Point>
            <Point>ALKET</Point>
            <Point>PN411</Point>
            <Point>PN407</Point>
            <Point>NABUT</Point>
        </Label>
    </Map>
    <Map Type="System" Name="RWY34 STARs" Priority="0" Center="+19.433611+037.2341673">
        <Line Pattern="Solid">ALKET/PN528/PN508/RADSI</Line>
        <Line Pattern="Solid">DAPEN/PN824/RADSI</Line>
        <Line Pattern="Solid">NABUT/PN826/PN508/RADSI</Line>
        <Line Pattern="Solid">PEKAB/PN512/PN510/RADSI</Line>
        <Line Pattern="Solid">PURAG/PN515/PN514/PN510/RADSI</Line>
        <Line Pattern="Solid">SENKA/PN518/PN516/PN510/RADSI</Line>
    </Map>
    <Map Type="System" Name="RWY34 STARs Labels" Priority="0" Center="+19.433611+037.2341673">
        <Symbol Type="HollowStar">
            <Point>PN518</Point>
            <Point>PN515</Point>
            <Point>RADSI</Point>
            <Point>PN508</Point>
            <Point>PN510</Point>
            <Point>PN512</Point>
            <Point>PEKAB</Point>
            <Point>PURAG</Point>
            <Point>SENKA</Point>
            <Point>PN514</Point>
            <Point>R165U</Point>
            <Point>DAPEN</Point>
            <Point>PN826</Point>
            <Point>PN528</Point>
            <Point>ALKET</Point>
            <Point>PN824</Point>
            <Point>NABUT</Point>
        </Symbol>
        <Label HasLeader="true">
            <Point>PN518</Point>
            <Point>PN515</Point>
            <Point>RADSI</Point>
            <Point>PN508</Point>
            <Point>PN510</Point>
            <Point>PN512</Point>
            <Point>PEKAB</Point>
            <Point>PURAG</Point>
            <Point>SENKA</Point>
            <Point>PN514</Point>
            <Point>R165U</Point>
            <Point>DAPEN</Point>
            <Point>PN826</Point>
            <Point>PN528</Point>
            <Point>ALKET</Point>
            <Point>PN824</Point>
            <Point>NABUT</Point>
        </Label>
    </Map>

    <Map Type="System" Name="RWY16 SIDs" Priority="0" Center="+19.433611+037.2341673">
        <Line Pattern="Solid">PN802/PN810/PN770/DAPEN</Line>
        <Line Pattern="Solid">PN802/PN804/GEPIT</Line>
        <Line Pattern="Solid">PN802/PN810/PN770/NABUT</Line>
        <Line Pattern="Solid">PN802/PN850/PEKAB</Line>
        <Line Pattern="Solid">PN802/PSD/+19.329933+037.258464/
            +19.329933+037.258464/
            +19.329933+037.258464/
            +19.329933+037.258464/
            +19.327998+037.259014/
            +19.327998+037.259014/
            +19.326116+037.259741/
            +19.326116+037.259741/
            +19.324300+037.260638/
            +19.324300+037.260638/
            +19.322565+037.261701/
            +19.322565+037.261701/
            +19.320924+037.262919/
            +19.320924+037.262919/
            +19.319390+037.264285/
            +19.319390+037.264285/
            +19.317973+037.265786/
            +19.317973+037.265786/
            +19.316685+037.267414/
            +19.316685+037.267414/
            +19.315536+037.269154/
            +19.315536+037.269154/
            +19.314534+037.270993/
            +19.314534+037.270993/
            +19.313687+037.272919/
            +19.313687+037.272919/
            +19.313002+037.274915/
            +19.313002+037.274915/
            +19.312483+037.276967/
            +19.312483+037.276967/
            +19.312135+037.279059/
            +19.312135+037.279059/
            +19.311960+037.281175/
            +19.311960+037.281175/
            +19.311959+037.283299/
            +19.311959+037.283299/
            +19.312133+037.285415/
            +19.312133+037.285415/
            +19.312481+037.287508/
            +19.312481+037.287508/
            +19.312999+037.289560/
            +19.312999+037.289560/
            +19.313683+037.291556/
            +19.313683+037.291556/
            +19.314530+037.293482/
            +19.314530+037.293482/
            +19.315531+037.295322/
            +19.315531+037.295322/
            +19.316679+037.297062/
            +19.316679+037.297062/
            +19.317966+037.298690/
            +19.317966+037.298690/
            +19.319382+037.300193/
            +19.319382+037.300193/
            +19.320916+037.301559/
            +19.320916+037.301559/
            +19.322557+037.302778/
            +19.322557+037.302778/
            +19.324291+037.303841/
            +19.324291+037.303841/
            +19.326106+037.304740/
            +19.326106+037.304740/
            +19.327989+037.305467/
            +19.327989+037.305467/
            +19.329923+037.306018/
            +19.329923+037.306018/
            +19.331896+037.306388/
            +19.331896+037.306388/
            +19.333892+037.306574/
            +19.333892+037.306574/
            +19.335895+037.306576/
            +19.335895+037.306576/
            +19.337891+037.306392/
            +19.337891+037.306392/
            +19.339864+037.306024/
            +19.339864+037.306024/
            +19.341799+037.305475/
            +19.341799+037.305475/
            +19.343682+037.304750/
            +19.343682+037.304750/
            +19.345498+037.303854/
            +19.345498+037.303854/
            +19.347234+037.302793/
            +19.347234+037.302793/
            +19.348876+037.301575/
            +19.348876+037.301575/
            +19.350411+037.300211/
            +19.350411+037.300211/
            +19.351829+037.298710/
            +19.351829+037.298710/
            +19.401144+037.241725/PN840/PURAG</Line>
        <Line Pattern="Solid">PN802/PSD/+19.329933+037.258464/
            +19.329933+037.258464/
            +19.329933+037.258464/
            +19.329933+037.258464/
            +19.327998+037.259014/
            +19.327998+037.259014/
            +19.326116+037.259741/
            +19.326116+037.259741/
            +19.324300+037.260638/
            +19.324300+037.260638/
            +19.322565+037.261701/
            +19.322565+037.261701/
            +19.320924+037.262919/
            +19.320924+037.262919/
            +19.319390+037.264285/
            +19.319390+037.264285/
            +19.317973+037.265786/
            +19.317973+037.265786/
            +19.316685+037.267414/
            +19.316685+037.267414/
            +19.315536+037.269154/
            +19.315536+037.269154/
            +19.314534+037.270993/
            +19.314534+037.270993/
            +19.313687+037.272919/
            +19.313687+037.272919/
            +19.313002+037.274915/
            +19.313002+037.274915/
            +19.312483+037.276967/
            +19.312483+037.276967/
            +19.312135+037.279059/
            +19.312135+037.279059/
            +19.311960+037.281175/
            +19.311960+037.281175/
            +19.311959+037.283299/
            +19.311959+037.283299/
            +19.312133+037.285415/
            +19.312133+037.285415/
            +19.312481+037.287508/
            +19.312481+037.287508/
            +19.312999+037.289560/
            +19.312999+037.289560/
            +19.313683+037.291556/
            +19.313683+037.291556/
            +19.314530+037.293482/
            +19.314530+037.293482/
            +19.315531+037.295322/
            +19.315531+037.295322/
            +19.316679+037.297062/
            +19.316679+037.297062/
            +19.317966+037.298690/
            +19.317966+037.298690/
            +19.319382+037.300193/
            +19.319382+037.300193/
            +19.320916+037.301559/
            +19.320916+037.301559/
            +19.322557+037.302778/
            +19.322557+037.302778/
            +19.324291+037.303841/
            +19.324291+037.303841/
            +19.326106+037.304740/
            +19.326106+037.304740/
            +19.327989+037.305467/
            +19.327989+037.305467/
            +19.329923+037.306018/
            +19.329923+037.306018/
            +19.331896+037.306388/
            +19.331896+037.306388/
            +19.333892+037.306574/
            +19.333892+037.306574/
            +19.335895+037.306576/
            +19.335895+037.306576/
            +19.337891+037.306392/
            +19.337891+037.306392/
            +19.339864+037.306024/
            +19.339864+037.306024/
            +19.341799+037.305475/
            +19.341799+037.305475/
            +19.343682+037.304750/
            +19.343682+037.304750/
            +19.345498+037.303854/
            +19.345498+037.303854/
            +19.347234+037.302793/
            +19.347234+037.302793/
            +19.348876+037.301575/
            +19.348876+037.301575/
            +19.350411+037.300211/
            +19.350411+037.300211/
            +19.351829+037.298710/
            +19.351829+037.298710/
            +19.401144+037.241725/PN830/SENKA</Line>
    </Map>
    <Map Type="System" Name="RWY16 SIDs Labels" Priority="0" Center="+19.433611+037.2341673">
        <Symbol Type="HollowTriangle">
            <Point>PN850</Point>
            <Point>35PSD</Point>
            <Point>PN804</Point>
            <Point>PSD37</Point>
            <Point>PN770</Point>
            <Point>PEKAB</Point>
            <Point>PN830</Point>
            <Point>PURAG</Point>
            <Point>37PSD</Point>
            <Point>GEPIT</Point>
            <Point>PN802</Point>
            <Point>SENKA</Point>
            <Point>PN840</Point>
            <Point>PSD</Point>
            <Point>PN810</Point>
            <Point>DAPEN</Point>
            <Point>NABUT</Point>
        </Symbol>
        <Label HasLeader="true">
            <Point>PN850</Point>
            <Point>35PSD</Point>
            <Point>PN804</Point>
            <Point>PSD37</Point>
            <Point>PN770</Point>
            <Point>PEKAB</Point>
            <Point>PN830</Point>
            <Point>PURAG</Point>
            <Point>37PSD</Point>
            <Point>GEPIT</Point>
            <Point>PN802</Point>
            <Point>SENKA</Point>
            <Point>PN840</Point>
            <Point>PSD</Point>
            <Point>PN810</Point>
            <Point>DAPEN</Point>
            <Point>NABUT</Point>
        </Label>
    </Map>
    <Map Type="System" Name="RWY34 SIDs" Priority="0" Center="+19.433611+037.2341673">
        <Line Pattern="Solid">PN702/PN720/PN770/DAPEN</Line>
        <Line Pattern="Solid">PN702/PN710/GEPIT</Line>
        <Line Pattern="Solid">PN702/PN720/PN770/NABUT</Line>
        <Line Pattern="Solid">PN702/PN704/PEKAB</Line>
        <Line Pattern="Solid">PN702/PSD/+19.499750+037.218511/
            +19.501895+037.218108/
            +19.501895+037.218108/
            +19.504065+037.217903/
            +19.504065+037.217903/
            +19.506243+037.217898/
            +19.506243+037.217898/
            +19.508414+037.218092/
            +19.508414+037.218092/
            +19.510561+037.218484/
            +19.510561+037.218484/
            +19.512668+037.219071/
            +19.512668+037.219071/
            +19.514719+037.219849/
            +19.514719+037.219849/
            +19.516699+037.220812/
            +19.516699+037.220812/
            +19.518594+037.221953/
            +19.518594+037.221953/
            +19.520388+037.223262/
            +19.520388+037.223262/
            +19.522069+037.224731/
            +19.522069+037.224731/
            +19.523625+037.226349/
            +19.523625+037.226349/
            +19.525042+037.228103/
            +19.525042+037.228103/
            +19.526312+037.229980/
            +19.526312+037.229980/
            +19.527424+037.231966/
            +19.527424+037.231966/
            +19.528370+037.234047/
            +19.528370+037.234047/
            +19.529144+037.236206/
            +19.529144+037.236206/
            +19.529738+037.238429/
            +19.529738+037.238429/
            +19.530150+037.240697/
            +19.530150+037.240697/
            +19.530375+037.242995/
            +19.530375+037.242995/
            +19.530412+037.245305/
            +19.530412+037.245305/
            +19.530261+037.247609/
            +19.530261+037.247609/
            +19.529923+037.249891/
            +19.529923+037.249891/
            +19.529401+037.252134/
            +19.529401+037.252134/
            +19.528698+037.254320/
            +19.528698+037.254320/
            +19.527819+037.256434/
            +19.527819+037.256434/
            +19.526771+037.258460/
            +19.526771+037.258460/
            +19.525563+037.260381/
            +19.525563+037.260381/
            +19.524203+037.262186/
            +19.524203+037.262186/
            +19.522701+037.263859/
            +19.522701+037.263859/
            +19.521068+037.265388/
            +19.521068+037.265388/
            +19.519316+037.266762/
            +19.519316+037.266762/
            +19.517460+037.267970/
            +19.517460+037.267970/
            +19.515512+037.269005/
            +19.515512+037.269005/
            +19.513487+037.269856/
            +19.513487+037.269856/
            +19.511400+037.270520/
            +19.511400+037.270520/
            +19.509268+037.270989/
            +19.509268+037.270989/
            +19.507104+037.271262/
            +19.507104+037.271262/
            +19.504927+037.271336/
            +19.504927+037.271336/
            +19.502752+037.271210/
            +19.502752+037.271210/
            +19.500595+037.270885/
            +19.500595+037.270885/
            +19.498473+037.270364/
            +19.498473+037.270364/
            +19.401144+037.241725/PN750/PURAG</Line>
        <Line Pattern="Solid">PN702/PSD/+19.499750+037.218511/
            +19.501895+037.218108/
            +19.501895+037.218108/
            +19.504065+037.217903/
            +19.504065+037.217903/
            +19.506243+037.217898/
            +19.506243+037.217898/
            +19.508414+037.218092/
            +19.508414+037.218092/
            +19.510561+037.218484/
            +19.510561+037.218484/
            +19.512668+037.219071/
            +19.512668+037.219071/
            +19.514719+037.219849/
            +19.514719+037.219849/
            +19.516699+037.220812/
            +19.516699+037.220812/
            +19.518594+037.221953/
            +19.518594+037.221953/
            +19.520388+037.223262/
            +19.520388+037.223262/
            +19.522069+037.224731/
            +19.522069+037.224731/
            +19.523625+037.226349/
            +19.523625+037.226349/
            +19.525042+037.228103/
            +19.525042+037.228103/
            +19.526312+037.229980/
            +19.526312+037.229980/
            +19.527424+037.231966/
            +19.527424+037.231966/
            +19.528370+037.234047/
            +19.528370+037.234047/
            +19.529144+037.236206/
            +19.529144+037.236206/
            +19.529738+037.238429/
            +19.529738+037.238429/
            +19.530150+037.240697/
            +19.530150+037.240697/
            +19.530375+037.242995/
            +19.530375+037.242995/
            +19.530412+037.245305/
            +19.530412+037.245305/
            +19.530261+037.247609/
            +19.530261+037.247609/
            +19.529923+037.249891/
            +19.529923+037.249891/
            +19.529401+037.252134/
            +19.529401+037.252134/
            +19.528698+037.254320/
            +19.528698+037.254320/
            +19.527819+037.256434/
            +19.527819+037.256434/
            +19.526771+037.258460/
            +19.526771+037.258460/
            +19.525563+037.260381/
            +19.525563+037.260381/
            +19.524203+037.262186/
            +19.524203+037.262186/
            +19.522701+037.263859/
            +19.522701+037.263859/
            +19.521068+037.265388/
            +19.521068+037.265388/
            +19.519316+037.266762/
            +19.519316+037.266762/
            +19.517460+037.267970/
            +19.517460+037.267970/
            +19.515512+037.269005/
            +19.515512+037.269005/
            +19.513487+037.269856/
            +19.513487+037.269856/
            +19.511400+037.270520/
            +19.511400+037.270520/
            +19.509268+037.270989/
            +19.509268+037.270989/
            +19.507104+037.271262/
            +19.507104+037.271262/
            +19.504927+037.271336/
            +19.504927+037.271336/
            +19.502752+037.271210/
            +19.502752+037.271210/
            +19.500595+037.270885/
            +19.500595+037.270885/
            +19.498473+037.270364/
            +19.498473+037.270364/
            +19.401144+037.241725/PN740/SENKA</Line>
    </Map>
    <Map Type="System" Name="RWY34 SIDs Labels" Priority="0" Center="+19.433611+037.2341673">
        <Symbol Type="HollowTriangle">
            <Point>PN710</Point>
            <Point>PSD37</Point>
            <Point>PN770</Point>
            <Point>PN720</Point>
            <Point>PSD06</Point>
            <Point>PEKAB</Point>
            <Point>PURAG</Point>
            <Point>PN702</Point>
            <Point>37PSD</Point>
            <Point>GEPIT</Point>
            <Point>PN740</Point>
            <Point>SENKA</Point>
            <Point>PSD</Point>
            <Point>PN750</Point>
            <Point>PN704</Point>
            <Point>DAPEN</Point>
            <Point>NABUT</Point>
        </Symbol>
        <Label HasLeader="true">
            <Point>PN710</Point>
            <Point>PSD37</Point>
            <Point>PN770</Point>
            <Point>PN720</Point>
            <Point>PSD06</Point>
            <Point>PEKAB</Point>
            <Point>PURAG</Point>
            <Point>PN702</Point>
            <Point>37PSD</Point>
            <Point>GEPIT</Point>
            <Point>PN740</Point>
            <Point>SENKA</Point>
            <Point>PSD</Point>
            <Point>PN750</Point>
            <Point>PN704</Point>
            <Point>DAPEN</Point>
            <Point>NABUT</Point>
        </Label>
    </Map>

    <Map Name="RWY16_RNP" Type="System" Pattern="Solid" Priority="0" Center="+19.433611+037.2341673">
        <Label HasLeader="true">
            <Point>PN404</Point>
            <Point>PN402</Point>
        </Label>
        <Symbol Type="SolidStar">
            <Point>PN404</Point>
            <Point>PN402</Point>
        </Symbol>
        <Line>PN404/PN402/+19.537736+037.209564/+19.444644+037.231486/+19.444644+037.231486/</Line>
    </Map>
    <Map Name="RWY34_RNP" Type="System" Pattern="Solid" Priority="0" Center="+19.433611+037.2341673">
        <Label HasLeader="true">
            <Point>RADSI</Point>
            <Point>PN504</Point>
            <Point>PN502</Point>
        </Label>
        <Symbol Type="SolidStar">
            <Point>RADSI</Point>
            <Point>PN504</Point>
            <Point>PN502</Point>
        </Symbol>
        <Line>RADSI/PN504/PN502/+19.303853+037.264592/+19.303853+037.264592/+19.422600+037.236672/</Line>
    </Map>
</Maps>