<Maps>
    <Map Name="RWY05" Type="System" Pattern="Solid" Priority="1" Center="+13.6140+025.3189">
        <Runway Name="18">
            <Threshold Name="05" Position="+13.6068+025.3140" ExtendedCentrelineTrack="052.5"
                ExtendedCentrelineLength="10" ExtendedCentrelineTickInterval="1" />
            <Threshold Name="23" Position="+13.6232+025.3356" />
        </Runway>
    </Map>
    <Map Name="RWY23" Type="System" Pattern="Solid" Priority="1" Center="+13.6140+025.3189">
        <Runway Name="18">
            <Threshold Name="05" Position="+13.6068+025.3140" />
            <Threshold Name="23" Position="+13.6232+025.3356" ExtendedCentrelineTrack="232.5"
                ExtendedCentrelineLength="10" ExtendedCentrelineTickInterval="1" />
        </Runway>
    </Map>

    <Map Type="System" Name="RWY05 STARs" Priority="1" Center="+13.6140+025.3189">
        <Line Pattern="Solid">ASMAG/FS393/FS394/FS367</Line>
        <Line Pattern="Solid">IMLOK/FS395/FS369</Line>
        <Line Pattern="Solid">IVOSA/FS393/FS394/FS367</Line>
        <Line Pattern="Solid">RAMGI/FS369</Line>
    </Map>
    <Map Type="System" Name="RWY05 STARs Labels" Priority="1" Center="+13.6140+025.3189">
        <Symbol Type="HollowStar">
            <Point>ASMAG</Point>
            <Point>FS393</Point>
            <Point>FS394</Point>
            <Point>FS367</Point>
            <Point>IMLOK</Point>
            <Point>FS395</Point>
            <Point>FS369</Point>
            <Point>IVOSA</Point>
            <Point>RAMGI</Point>
        </Symbol>
        <Label HasLeader="true">
            <Point>ASMAG</Point>
            <Point>FS393</Point>
            <Point>FS394</Point>
            <Point>FS367</Point>
            <Point>IMLOK</Point>
            <Point>FS395</Point>
            <Point>FS369</Point>
            <Point>IVOSA</Point>
            <Point>RAMGI</Point>
        </Label>
    </Map>
    <Map Type="System" Name="RWY23 STARs" Priority="1" Center="+13.6140+025.3189">
        <Line Pattern="Solid">ASMAG/FS378</Line>
        <Line Pattern="Solid">IMLOK/FS405/FS380</Line>
        <Line Pattern="Solid">IVOSA/FS378</Line>
        <Line Pattern="Solid">RAMGI/FS406/FS379</Line>
    </Map>
    <Map Type="System" Name="RWY23 STARs Labels" Priority="1" Center="+13.6140+025.3189">
        <Symbol Type="HollowStar">
            <Point>ASMAG</Point>
            <Point>FS378</Point>
            <Point>IMLOK</Point>
            <Point>FS405</Point>
            <Point>FS380</Point>
            <Point>IVOSA</Point>
            <Point>RAMGI</Point>
            <Point>FS406</Point>
            <Point>FS379</Point>
        </Symbol>
        <Label HasLeader="true">
            <Point>ASMAG</Point>
            <Point>FS378</Point>
            <Point>IMLOK</Point>
            <Point>FS405</Point>
            <Point>FS380</Point>
            <Point>IVOSA</Point>
            <Point>RAMGI</Point>
            <Point>FS406</Point>
            <Point>FS379</Point>
        </Label>
    </Map>

    <Map Type="System" Name="RWY05 SIDs" Priority="1" Center="+13.6140+025.3189">
        <Line Pattern="Solid">FS390/ASMAG</Line>
        <Line Pattern="Solid">FS390/+13.606781+025.314008/
            +13.664378+025.389572/
            +13.664378+025.389572/
            +13.664378+025.389572/
            +13.664378+025.389572/
            +13.666249+025.391815/
            +13.666249+025.391815/
            +13.668304+025.393880/
            +13.668304+025.393880/
            +13.670529+025.395750/
            +13.670529+025.395750/
            +13.672905+025.397410/
            +13.672905+025.397410/
            +13.675414+025.398849/
            +13.675414+025.398849/
            +13.678037+025.400055/
            +13.678037+025.400055/
            +13.680753+025.401018/
            +13.680753+025.401018/
            +13.683540+025.401731/
            +13.683540+025.401731/
            +13.686378+025.402189/
            +13.686378+025.402189/
            +13.689244+025.402387/
            +13.689244+025.402387/
            +13.692116+025.402324/
            +13.692116+025.402324/
            +13.694972+025.402001/
            +13.694972+025.402001/
            +13.697788+025.401421/
            +13.697788+025.401421/
            +13.700544+025.400587/
            +13.700544+025.400587/
            +13.703218+025.399506/
            +13.703218+025.399506/
            +13.705789+025.398188/
            +13.705789+025.398188/
            +13.708236+025.396641/
            +13.708236+025.396641/
            +13.710542+025.394878/
            +13.710542+025.394878/
            +13.712688+025.392912/
            +13.712688+025.392912/
            +13.714656+025.390760/
            +13.714656+025.390760/
            +13.716433+025.388438/
            +13.716433+025.388438/
            +13.718004+025.385963/
            +13.718004+025.385963/
            +13.719357+025.383356/
            +13.719357+025.383356/
            +13.720481+025.380636/
            +13.720481+025.380636/
            +13.721367+025.377824/
            +13.721367+025.377824/
            +13.722010+025.374944/
            +13.722010+025.374944/
            +13.722403+025.372016/
            +13.722403+025.372016/
            +13.722543+025.369064/
            +13.722543+025.369064/
            +13.722430+025.366110/
            +13.722430+025.366110/
            +13.722065+025.363179/IMLOK</Line>
        <Line Pattern="Solid">FS390/IVOSA</Line>
        <Line Pattern="Solid">FS390/+13.606781+025.314008/
            +13.664378+025.389572/
            +13.664378+025.389572/
            +13.664378+025.389572/
            +13.664378+025.389572/
            +13.666043+025.391965/
            +13.666043+025.391965/
            +13.667496+025.394500/
            +13.667496+025.394500/
            +13.668728+025.397156/
            +13.668728+025.397156/
            +13.669729+025.399913/
            +13.669729+025.399913/
            +13.670491+025.402749/
            +13.670491+025.402749/
            +13.671008+025.405644/
            +13.671008+025.405644/
            +13.671275+025.408574/
            +13.671275+025.408574/
            +13.671292+025.411517/
            +13.671292+025.411517/
            +13.671058+025.414450/
            +13.671058+025.414450/
            +13.670574+025.417350/
            +13.670574+025.417350/
            +13.669845+025.420196/
            +13.669845+025.420196/
            +13.668875+025.422965/
            +13.668875+025.422965/
            +13.667673+025.425635/
            +13.667673+025.425635/
            +13.666248+025.428187/
            +13.666248+025.428187/
            +13.664611+025.430600/
            +13.664611+025.430600/
            +13.662774+025.432856/
            +13.662774+025.432856/
            +13.660752+025.434938/
            +13.660752+025.434938/
            +13.658560+025.436828/
            +13.658560+025.436828/
            +13.656215+025.438513/
            +13.656215+025.438513/
            +13.653736+025.439981/
            +13.653736+025.439981/
            +13.651141+025.441218/
            +13.651141+025.441218/
            +13.648450+025.442216/
            +13.648450+025.442216/
            +13.645685+025.442968/
            +13.645685+025.442968/
            +13.642866+025.443466/
            +13.642866+025.443466/
            +13.640015+025.443709/
            +13.640015+025.443709/
            +13.637155+025.443693/
            +13.637155+025.443693/
            +13.634307+025.443418/
            +13.634307+025.443418/
            +13.631494+025.442888/
            +13.631494+025.442888/
            +13.628737+025.442105/
            +13.628737+025.442105/FS391/RAMGI</Line>
    </Map>
    <Map Type="System" Name="RWY05 SIDs Labels" Priority="1" Center="+13.6140+025.3189">
        <Symbol Type="HollowTriangle">
            <Point>FS390</Point>
            <Point>ASMAG</Point>
            <Point>IMLOK</Point>
            <Point>IVOSA</Point>
            <Point>FS391</Point>
            <Point>RAMGI</Point>
        </Symbol>
        <Label HasLeader="true">
            <Point>FS390</Point>
            <Point>ASMAG</Point>
            <Point>IMLOK</Point>
            <Point>IVOSA</Point>
            <Point>FS391</Point>
            <Point>RAMGI</Point>
        </Label>
    </Map>
    <Map Type="System" Name="RWY23 SIDs" Priority="1" Center="+13.6140+025.3189">
        <Line Pattern="Solid">FS400/+13.565614+025.260022/
            +13.565614+025.260022/
            +13.565614+025.260022/
            +13.565614+025.260022/
            +13.563740+025.257776/
            +13.563740+025.257776/
            +13.561681+025.255709/
            +13.561681+025.255709/
            +13.559452+025.253837/
            +13.559452+025.253837/
            +13.557071+025.252175/
            +13.557071+025.252175/
            +13.554557+025.250736/
            +13.554557+025.250736/
            +13.551930+025.249530/
            +13.551930+025.249530/
            +13.549209+025.248569/
            +13.549209+025.248569/
            +13.546416+025.247858/
            +13.546416+025.247858/
            +13.543573+025.247403/
            +13.543573+025.247403/
            +13.540702+025.247209/
            +13.540702+025.247209/
            +13.537826+025.247276/
            +13.537826+025.247276/
            +13.534967+025.247604/
            +13.534967+025.247604/
            +13.532147+025.248191/
            +13.532147+025.248191/
            +13.529388+025.249032/
            +13.529388+025.249032/
            +13.526713+025.250120/
            +13.526713+025.250120/
            +13.524141+025.251446/
            +13.524141+025.251446/
            +13.521693+025.253001/
            +13.521693+025.253001/
            +13.519388+025.254773/
            +13.519388+025.254773/
            +13.517245+025.256747/
            +13.517245+025.256747/
            +13.515278+025.258908/
            +13.515278+025.258908/
            +13.513505+025.261239/
            +13.513505+025.261239/
            +13.511939+025.263722/
            +13.511939+025.263722/
            +13.510593+025.266338/
            +13.510593+025.266338/
            +13.509476+025.269066/
            +13.509476+025.269066/
            +13.508597+025.271885/
            +13.508597+025.271885/
            +13.507964+025.274772/
            +13.507964+025.274772/
            +13.507581+025.277706/
            +13.507581+025.277706/
            +13.507451+025.280663/
            +13.507451+025.280663/
            +13.507575+025.283621/
            +13.507575+025.283621/
            +13.507953+025.286556/
            +13.507953+025.286556/FS401/ASMAG</Line>
        <Line Pattern="Solid">FS400/IMLOK</Line>
        <Line Pattern="Solid">FS400/+13.565614+025.260022/
            +13.565614+025.260022/
            +13.565614+025.260022/
            +13.565614+025.260022/
            +13.563740+025.257776/
            +13.563740+025.257776/
            +13.561681+025.255709/
            +13.561681+025.255709/
            +13.559452+025.253837/
            +13.559452+025.253837/
            +13.557071+025.252175/
            +13.557071+025.252175/
            +13.554557+025.250736/
            +13.554557+025.250736/
            +13.551930+025.249530/
            +13.551930+025.249530/
            +13.549209+025.248569/
            +13.549209+025.248569/
            +13.546416+025.247858/
            +13.546416+025.247858/
            +13.543573+025.247403/
            +13.543573+025.247403/
            +13.540702+025.247209/
            +13.540702+025.247209/
            +13.537826+025.247276/
            +13.537826+025.247276/
            +13.534967+025.247604/
            +13.534967+025.247604/
            +13.532147+025.248191/
            +13.532147+025.248191/
            +13.529388+025.249032/
            +13.529388+025.249032/
            +13.526713+025.250120/
            +13.526713+025.250120/
            +13.524141+025.251446/
            +13.524141+025.251446/
            +13.521693+025.253001/
            +13.521693+025.253001/
            +13.519388+025.254773/
            +13.519388+025.254773/
            +13.517245+025.256747/
            +13.517245+025.256747/
            +13.515278+025.258908/
            +13.515278+025.258908/
            +13.513505+025.261239/
            +13.513505+025.261239/
            +13.511939+025.263722/
            +13.511939+025.263722/
            +13.510593+025.266338/
            +13.510593+025.266338/
            +13.509476+025.269066/
            +13.509476+025.269066/
            +13.508597+025.271885/
            +13.508597+025.271885/
            +13.507964+025.274772/
            +13.507964+025.274772/
            +13.507581+025.277706/
            +13.507581+025.277706/
            +13.507451+025.280663/
            +13.507451+025.280663/
            +13.507575+025.283621/
            +13.507575+025.283621/
            +13.507953+025.286556/
            +13.507953+025.286556/FS401/IVOSA</Line>
        <Line Pattern="Solid">FS400/RAMGI</Line>
    </Map>
    <Map Type="System" Name="RWY23 SIDs Labels" Priority="1" Center="+13.6140+025.3189">
        <Symbol Type="HollowTriangle">
            <Point>FS400</Point>
            <Point>FS401</Point>
            <Point>ASMAG</Point>
            <Point>IMLOK</Point>
            <Point>IVOSA</Point>
            <Point>RAMGI</Point>
        </Symbol>
        <Label HasLeader="true">
            <Point>FS400</Point>
            <Point>FS401</Point>
            <Point>ASMAG</Point>
            <Point>IMLOK</Point>
            <Point>IVOSA</Point>
            <Point>RAMGI</Point>
        </Label>
    </Map>


    <Map Name="RWY05_RNP" Type="System" Pattern="Solid" Priority="0" Center="+13.6140+025.3189">
        <Label HasLeader="true">
            <Point>FS366</Point>
            <Point>FS367</Point>
            <Point>FS368</Point>
            <Point>FS369</Point>
            <Point>FS365</Point>
        </Label>
        <Symbol Type="SolidStar">
            <Point>FS366</Point>
            <Point>FS367</Point>
            <Point>FS368</Point>
            <Point>FS369</Point>
            <Point>FS365</Point>
        </Symbol>
        <Line>FS369/FS366/FS365/+13.488503+025.158983/
            +13.539983+025.226428/
            +13.539983+025.226428/
            +13.606781+025.314008/
            +13.606781+025.314008</Line>
        <Line>FS367/FS366/FS365/+13.488503+025.158983/
            +13.539983+025.226428/
            +13.539983+025.226428/
            +13.606781+025.314008/
            +13.606781+025.314008</Line>
        <Line>FS368/FS366/FS365/+13.488503+025.158983/
            +13.539983+025.226428/
            +13.539983+025.226428/
            +13.606781+025.314008/
            +13.606781+025.314008</Line>
        <Line>FS366/FS365/+13.488503+025.158983/
            +13.539983+025.226428/
            +13.539983+025.226428/
            +13.606781+025.314008/
            +13.606781+025.314008</Line>
    </Map>
    <Map Name="RWY23_RNP" Type="System" Pattern="Solid" Priority="0" Center="+13.6140+025.3189">
        <Label HasLeader="true">
            <Point>FS380</Point>
            <Point>FS376</Point>
            <Point>FS377</Point>
            <Point>FS379</Point>
            <Point>FS378</Point>
        </Label>
        <Symbol Type="SolidStar">
            <Point>FS380</Point>
            <Point>FS376</Point>
            <Point>FS377</Point>
            <Point>FS379</Point>
            <Point>FS378</Point>
        </Symbol>
        <Line>FS377/FS376/</Line>
        <Line>FS378/FS377/FS376/+13.689392+025.422436/
            +13.623214+025.335572/
            +13.623214+025.335572</Line>
        <Line>FS380/FS377/FS376/+13.689392+025.422436/
            +13.623214+025.335572/
            +13.623214+025.335572</Line>
        <Line>FS379/FS377/FS376/+13.689392+025.422436/
            +13.623214+025.335572/
            +13.623214+025.335572</Line>
    </Map>
</Maps>