<Maps>
    <Map Type="System" Name="ALL_RUNWAYS" Priority="1">
        <!--HJJJ-->
        <Runway Name="13/31">
            <Threshold Name="13" Position="+04.8831+031.5872" ExtendedCentrelineTrack="129.2"
                ExtendedCentrelineLength="10" ExtendedCentrelineTickInterval="1" />
            <Threshold Name="31" Position="+04.8650+031.6094" ExtendedCentrelineTrack="309.2"
                ExtendedCentrelineLength="10" ExtendedCentrelineTickInterval="1" />
        </Runway>
        <!--HJMK-->
        <Runway Name="04/22">
            <Threshold Name="04" Position="+09.5525+031.6459" ExtendedCentrelineTrack="043.5"
                ExtendedCentrelineLength="10" ExtendedCentrelineTickInterval="1" />
            <Threshold Name="22" Position="+09.5654+031.6585" ExtendedCentrelineTrack="223.5"
                ExtendedCentrelineLength="10" ExtendedCentrelineTickInterval="1" />
        </Runway>
        <!--HJRB-->
        <Runway Name="01/19">
            <Threshold Name="01" Position="+06.8220+029.6672" ExtendedCentrelineTrack="009.2"
                ExtendedCentrelineLength="10" ExtendedCentrelineTickInterval="1" />
            <Threshold Name="19" Position="+06.8375+029.6704" ExtendedCentrelineTrack="189.2"
                ExtendedCentrelineLength="10" ExtendedCentrelineTickInterval="1" />
        </Runway>
        <!--HJWW-->
        <Runway Name="09/27">
            <Threshold Name="09" Position="+07.7258+027.9634" ExtendedCentrelineTrack="089.2"
                ExtendedCentrelineLength="10" ExtendedCentrelineTickInterval="1" />
            <Threshold Name="27" Position="+07.7257+027.9858" ExtendedCentrelineTrack="269.2"
                ExtendedCentrelineLength="10" ExtendedCentrelineTickInterval="1" />
        </Runway>
        <!--HSAT-->
        <Runway Name="01/19">
            <Threshold Name="01" Position="+17.7017+034.0546" ExtendedCentrelineTrack="016.7"
                ExtendedCentrelineLength="10" ExtendedCentrelineTickInterval="1" />
            <Threshold Name="19" Position="+17.7180+034.0598" ExtendedCentrelineTrack="196.7"
                ExtendedCentrelineLength="10" ExtendedCentrelineTickInterval="1" />
        </Runway>
        <!--HSDN-->
        <Runway Name="17/35">
            <Threshold Name="17" Position="+19.1674+030.4315" ExtendedCentrelineTrack="178.6"
                ExtendedCentrelineLength="10" ExtendedCentrelineTickInterval="1" />
            <Threshold Name="35" Position="+19.1404+030.4320" ExtendedCentrelineTrack="358.6"
                ExtendedCentrelineLength="10" ExtendedCentrelineTickInterval="1" />
        </Runway>
        <!--HSDZ-->
        <Runway Name="17/35">
            <Threshold Name="17" Position="+11.7971+034.3347" ExtendedCentrelineTrack="170.5"
                ExtendedCentrelineLength="10" ExtendedCentrelineTickInterval="1" />
            <Threshold Name="35" Position="+11.7726+034.3389" ExtendedCentrelineTrack="350.5"
                ExtendedCentrelineLength="10" ExtendedCentrelineTickInterval="1" />
        </Runway>
        <!--HSFS-->
        <Runway Name="05/23">
            <Threshold Name="05" Position="+13.6068+025.3140" ExtendedCentrelineTrack="052.5"
                ExtendedCentrelineLength="10" ExtendedCentrelineTickInterval="1" />
            <Threshold Name="23" Position="+13.6232+025.3356" ExtendedCentrelineTrack="232.5"
                ExtendedCentrelineLength="10" ExtendedCentrelineTickInterval="1" />
        </Runway>
        <!--HSGN-->
        <Runway Name="04/22">
            <Threshold Name="04" Position="+13.4732+022.4634" ExtendedCentrelineTrack="040.0"
                ExtendedCentrelineLength="10" ExtendedCentrelineTickInterval="1" />
            <Threshold Name="22" Position="+13.4842+022.4730" ExtendedCentrelineTrack="220.0"
                ExtendedCentrelineLength="10" ExtendedCentrelineTickInterval="1" />
        </Runway>
        <Runway Name="11/29">
            <Threshold Name="11" Position="+13.4876+022.4585" ExtendedCentrelineTrack="106.9"
                ExtendedCentrelineLength="10" ExtendedCentrelineTickInterval="1" />
            <Threshold Name="29" Position="+13.4827+022.4748" ExtendedCentrelineTrack="286.9"
                ExtendedCentrelineLength="10" ExtendedCentrelineTickInterval="1" />
        </Runway>
        <!--HSKA-->
        <Runway Name="02/20">
            <Threshold Name="02" Position="+15.3754+036.3249" ExtendedCentrelineTrack="019.0"
                ExtendedCentrelineLength="10" ExtendedCentrelineTickInterval="1" />
            <Threshold Name="20" Position="+15.3964+036.3325" ExtendedCentrelineTrack="199.0"
                ExtendedCentrelineLength="10" ExtendedCentrelineTickInterval="1" />
        </Runway>
        <!--HSLI-->
        <Runway Name="06/24">
            <Threshold Name="06" Position="+11.1327+029.6919" ExtendedCentrelineTrack="059.2"
                ExtendedCentrelineLength="10" ExtendedCentrelineTickInterval="1" />
            <Threshold Name="24" Position="+11.1434+029.7115" ExtendedCentrelineTrack="240.0"
                ExtendedCentrelineLength="10" ExtendedCentrelineTickInterval="1" />
        </Runway>
        <!--HSMN-->
        <Runway Name="02/20">
            <Threshold Name="02" Position="+18.4261+031.8344" ExtendedCentrelineTrack="024.5"
                ExtendedCentrelineLength="10" ExtendedCentrelineTickInterval="1" />
            <Threshold Name="20" Position="+18.4598+031.8504" ExtendedCentrelineTrack="204.5"
                ExtendedCentrelineLength="10" ExtendedCentrelineTickInterval="1" />
        </Runway>
        <!--HSNN-->
        <Runway Name="04/22">
            <Threshold Name="04" Position="+12.0433+024.9479" ExtendedCentrelineTrack="041.5"
                ExtendedCentrelineLength="10" ExtendedCentrelineTickInterval="1" />
            <Threshold Name="22" Position="+12.0636+024.9659" ExtendedCentrelineTrack="221.5"
                ExtendedCentrelineLength="10" ExtendedCentrelineTickInterval="1" />
        </Runway>
        <!--HSOB-->
        <Runway Name="01/19">
            <Threshold Name="01" Position="+13.1398+030.2302" ExtendedCentrelineTrack="010.1"
                ExtendedCentrelineLength="10" ExtendedCentrelineTickInterval="1" />
            <Threshold Name="19" Position="+13.1666+030.2348" ExtendedCentrelineTrack="190.1"
                ExtendedCentrelineLength="10" ExtendedCentrelineTickInterval="1" />
        </Runway>
        <!--HSPN-->
        <Runway Name="16/34">
            <Threshold Name="16" Position="+19.4446+037.2315" ExtendedCentrelineTrack="167.4"
                ExtendedCentrelineLength="10" ExtendedCentrelineTickInterval="1" />
            <Threshold Name="34" Position="+19.4226+037.2367" ExtendedCentrelineTrack="347.4"
                ExtendedCentrelineLength="10" ExtendedCentrelineTickInterval="1" />
        </Runway>
        <!--HSSG-->
        <Runway Name="04/22">
            <Threshold Name="04" Position="+13.4676+022.5282" ExtendedCentrelineTrack="041.9"
                ExtendedCentrelineLength="10" ExtendedCentrelineTickInterval="1" />
            <Threshold Name="22" Position="+13.4878+022.5467" ExtendedCentrelineTrack="221.9"
                ExtendedCentrelineLength="10" ExtendedCentrelineTickInterval="1" />
        </Runway>
        <!--HSSK-->
        <Runway Name="18/36">
            <Threshold Name="18" Position="+15.6030+032.5529" ExtendedCentrelineTrack="179.2"
                ExtendedCentrelineLength="10" ExtendedCentrelineTickInterval="1" />
            <Threshold Name="36" Position="+15.5751+032.5533" ExtendedCentrelineTrack="359.2"
                ExtendedCentrelineLength="10" ExtendedCentrelineTickInterval="1" />
        </Runway>
        <!--HSSW-->
        <Runway Name="06/24">
            <Threshold Name="06" Position="+21.7985+031.5135" ExtendedCentrelineTrack="062.0"
                ExtendedCentrelineLength="10" ExtendedCentrelineTickInterval="1" />
            <Threshold Name="24" Position="+21.8071+031.5305" ExtendedCentrelineTrack="242.0"
                ExtendedCentrelineLength="10" ExtendedCentrelineTickInterval="1" />
        </Runway>
    </Map>
</Maps>