<?xml version="1.0" encoding="UTF-8" standalone="no"?>
<Maps>
    <Map Name="ALL_ROUTE_HIGH" Priority="0" Type="System">
        <Line Name="A410">VATEN.A410.KAFIA</Line>
        <Line Name="A727">SML VOR.A727.ANTAX</Line>
        <Line Name="B407">PSD VOR.B407.DENBU</Line>
        <Line Name="B526">SS450.B526.TESON</Line>
        <Line Name="B527">OVELA.B527.KTM VOR</Line>
        <Line Name="B736">AVONO.B736.USUBA</Line>
        <Line Name="G656">JUB VOR.G656.ATUGA</Line>
        <Line Name="L311">KAFIA.L311.KAROX</Line>
        <Line Name="L317">KAFIA.L317.MAHDI</Line>
        <Line Name="L320">KISAL.L320.KAROX</Line>
        <Line Name="L321">SML VOR.L321.LUGAV</Line>
        <Line Name="L323">ASKOL.L323.TONTU</Line>
        <Line Name="L427">GNA VOR.L427.KAROX</Line>
        <Line Name="L554">JUB VOR.L554.NUBAR</Line>
        <Line Name="L558">ASKON.L558.DASTU</Line>
        <Line Name="L561">ASKON.L561.MAHDI</Line>
        <Line Name="L567">OVELA.L567.IMDUR</Line>
        <Line Name="M220">AVAGI.M220.AXOTI</Line>
        <Line Name="M320">IMDUR.M320.MIPOL</Line>
        <Line Name="M554">TOKAR.M554.MIPOL</Line>
        <Line Name="M562">VATEN.M562.MIPOL</Line>
        <Line Name="M565">LUGAV.M565.ALRAP</Line>
        <Line Name="M568">DEKUM.M568.NUBAR</Line>
        <Line Name="M713">OBD VOR.M713.EPLAS</Line>
        <Line Name="M723">ORNAT.M723.KUVTI</Line>
        <Line Name="M863">KITOB.M863.GIBAP</Line>
        <Line Name="N311">ASKON.N311.NUBAR</Line>
        <Line Name="N314">ATMUL.N314.TIKAT</Line>
        <Line Name="N320">KISAL.N320.NUBAR</Line>
        <Line Name="N321">NUBAR.N321.TIKAT</Line>
        <Line Name="N558">DEKUM.N558.ASRAV</Line>
        <Line Name="N568">ATMUL.N568.AVONO</Line>
        <Line Name="N574">ATMUL.N574.JUB VOR</Line>
        <Line Name="N720">PSD VOR.N720.FEREB</Line>
        <Line Name="P309">NUBAR.P309.AVONO</Line>
        <Line Name="P313">IPONO.P313.VATEN</Line>
        <Line Name="P315">NUBAR.P315.IMDUR</Line>
        <Line Name="P318">JUB VOR.P318.KABLA</Line>
        <Line Name="P322">MONAN.P322.AVONO</Line>
        <Line Name="P324">GNA VOR.P324.DELAM</Line>
        <Line Name="P556">ASKON.P556.BOGUM</Line>
        <Line Name="P557">NUBAR.P557.ALKED</Line>
        <Line Name="P562">KISAL.P562.VATEN</Line>
        <Line Name="P565">KAFIA.P565.ATMUL</Line>
        <Line Name="P566">ILBIB.P566.VATEN</Line>
        <Line Name="P568">ORNAT.P568.EPLAS</Line>
        <Line Name="P720">EMITA.P720.TIKAT</Line>
        <Line Name="P751">ALEBA.P751.TOKAR</Line>
        <Line Name="Q555">EGMER.Q555.AVONO</Line>
        <Line Name="Q563">IMDUR.Q563.MAHDI</Line>
        <Line Name="Q622">SISOR.Q622.SUVRI</Line>
        <Line Name="Q727">GAGNI.Q727.SODIL</Line>
        <Line Name="R611">SS450.R611.TIKAT</Line>
        <Line Name="T944">MRW VOR.T944.KUVTI</Line>
        <Line Name="UA727">AVONO.UA727.ANTAX</Line>
        <Line Name="UB526">KSL VOR.UB526.TESON</Line>
        <Line Name="UM220">AVAGI.UM220.AXOTI</Line>
        <Line Name="UQ555">EGMER.UQ555.AVONO</Line>
        <Line Name="Y866">DENDI.Y866.KSL VOR</Line>
        <Symbol Type="HollowTriangle">
            <Point>VATEN</Point>
            <Point>RADKA</Point>
            <Point>IMSUT</Point>
            <Point>RADAG</Point>
            <Point>ALMAM</Point>
            <Point>KAFIA</Point>
            <Point>TOKAR</Point>
            <Point>NUBAR</Point>
            <Point>SOMAK</Point>
            <Point>ALPOX</Point>
            <Point>GOPDA</Point>
            <Point>GAGNI</Point>
            <Point>AVONO</Point>
            <Point>EPSIX</Point>
            <Point>AMATO</Point>
            <Point>ANTAX</Point>
            <Point>ORNAT</Point>
            <Point>MAHDI</Point>
            <Point>KAROX</Point>
            <Point>DENBU</Point>
            <Point>LADEN</Point>
            <Point>SS450</Point>
            <Point>DENDI</Point>
            <Point>TESON</Point>
            <Point>OVELA</Point>
            <Point>RABAK</Point>
            <Point>SUVRI</Point>
            <Point>DAGAP</Point>
            <Point>TAPOS</Point>
            <Point>SAGBU</Point>
            <Point>USUBA</Point>
            <Point>TIKAT</Point>
            <Point>ATUGA</Point>
            <Point>BOPID</Point>
            <Point>BOGUM</Point>
            <Point>MIPOL</Point>
            <Point>PASIL</Point>
            <Point>LOVAB</Point>
            <Point>KAPIB</Point>
            <Point>ITGAL</Point>
            <Point>ASNON</Point>
            <Point>AZAZA</Point>
            <Point>KISAL</Point>
            <Point>HASAN</Point>
            <Point>DELAM</Point>
            <Point>DATIM</Point>
            <Point>SOGAD</Point>
            <Point>RAKTA</Point>
            <Point>LUGAV</Point>
            <Point>ASKOL</Point>
            <Point>ELOXO</Point>
            <Point>ENABU</Point>
            <Point>TONTU</Point>
            <Point>GIPSA</Point>
            <Point>BOXIG</Point>
            <Point>ASRAV</Point>
            <Point>BILAL</Point>
            <Point>EKBUL</Point>
            <Point>EGBIM</Point>
            <Point>KUNDI</Point>
            <Point>ITOXA</Point>
            <Point>SISOR</Point>
            <Point>PASAB</Point>
            <Point>ASKON</Point>
            <Point>DASAG</Point>
            <Point>IMDUR</Point>
            <Point>DASTU</Point>
            <Point>ZENUB</Point>
            <Point>NABUS</Point>
            <Point>AVAGI</Point>
            <Point>UTOLI</Point>
            <Point>EGMER</Point>
            <Point>AXOTI</Point>
            <Point>BOTOK</Point>
            <Point>EGTAD</Point>
            <Point>IMPAX</Point>
            <Point>SISID</Point>
            <Point>DAREV</Point>
            <Point>GIDAX</Point>
            <Point>ALRAP</Point>
            <Point>DEKUM</Point>
            <Point>KINOV</Point>
            <Point>KASAB</Point>
            <Point>UMIDA</Point>
            <Point>GINPU</Point>
            <Point>EPLAS</Point>
            <Point>EGSUM</Point>
            <Point>RAGEN</Point>
            <Point>LAMAB</Point>
            <Point>KUVTI</Point>
            <Point>KITOB</Point>
            <Point>SOGIN</Point>
            <Point>TAVNA</Point>
            <Point>RAGSI</Point>
            <Point>TOMRU</Point>
            <Point>GIBAP</Point>
            <Point>SIGNO</Point>
            <Point>JEBRA</Point>
            <Point>TOVIL</Point>
            <Point>ATMUL</Point>
            <Point>GINKA</Point>
            <Point>68KTM</Point>
            <Point>LOROG</Point>
            <Point>DEDVA</Point>
            <Point>KISOV</Point>
            <Point>SITIK</Point>
            <Point>FEREB</Point>
            <Point>ELULA</Point>
            <Point>SODIL</Point>
            <Point>IPONO</Point>
            <Point>GAMAR</Point>
            <Point>DEBOX</Point>
            <Point>KAREP</Point>
            <Point>ITOMO</Point>
            <Point>KABLA</Point>
            <Point>MONAN</Point>
            <Point>DEMTI</Point>
            <Point>HAMID</Point>
            <Point>PEDOS</Point>
            <Point>ALKED</Point>
            <Point>GAILY</Point>
            <Point>LOPON</Point>
            <Point>ILBIB</Point>
            <Point>EMAMU</Point>
            <Point>RAMKO</Point>
            <Point>PEBOR</Point>
            <Point>EMITA</Point>
            <Point>ALEBA</Point>
            <Point>ELUDU</Point>
            <Point>DANUD</Point>
            <Point>KITEK</Point>
            <Point>KURAM</Point>
        </Symbol>
    </Map>
</Maps>