<Maps>

    <Map Name="RWY02" Type="System" Pattern="Solid" Priority="1" Center="+18.4264+031.8349">
        <Runway Name="02">
            <Threshold Name="02" Position="+18.4261+031.8344" ExtendedCentrelineTrack="024.5"
                ExtendedCentrelineLength="10" ExtendedCentrelineTickInterval="1" />
            <Threshold Name="20" Position="+18.4598+031.8504" />
        </Runway>
    </Map>
    <Map Name="RWY20" Type="System" Pattern="Solid" Priority="1" Center="+18.4264+031.8349">
        <Runway Name="20">
            <Threshold Name="31" Position="+18.4261+031.8344" />
            <Threshold Name="13" Position="+18.4598+031.8504" ExtendedCentrelineTrack="204.5"
                ExtendedCentrelineLength="10" ExtendedCentrelineTickInterval="1" />
        </Runway>
    </Map>


    <Map Type="System" Name="RWY02 STARs" Priority="1" Center="+18.4264+031.8349">
        <Line Pattern="Solid">GERAS/MN414/MN408/MN406</Line>
        <Line Pattern="Solid">
            KURTI/MN412/MN410/MN406</Line>
        <Line Pattern="Solid">
            ORKAL/MN412/MN410/MN406</Line>
        <Line Pattern="Solid">
            ROTAP/MN406</Line>
        <Line Pattern="Solid">
            SOLEV/MN412/MN410/MN406</Line>
        <Line Pattern="Solid"></Line>
    </Map>


    <Map Type="System" Name="RWY02 STARs Labels" Priority="1" Center="+18.4264+031.8349">
        <Symbol Type="HollowStar">
            <Point>GERAS</Point>
            <Point>MN414</Point>
            <Point>MN408</Point>
            <Point>MN406</Point>
            <Point>KURTI</Point>
            <Point>MN412</Point>
            <Point>MN410</Point>
            <Point>ORKAL</Point>
            <Point>ROTAP</Point>
            <Point>SOLEV</Point>
        </Symbol>
        <Label HasLeader="true">
            <Point>GERAS</Point>
            <Point>MN414</Point>
            <Point>MN408</Point>
            <Point>MN406</Point>
            <Point>KURTI</Point>
            <Point>MN412</Point>
            <Point>MN410</Point>
            <Point>ORKAL</Point>
            <Point>ROTAP</Point>
            <Point>SOLEV</Point>
        </Label>
    </Map>
    <Map Type="System" Name="RWY20 STARs" Priority="1" Center="+18.4264+031.8349">
        <Line Pattern="Solid">GERAS/MN510/MN508</Line>
        <Line Pattern="Solid">KURTI/MN506</Line>
        <Line Pattern="Solid">ORKAL/MN506</Line>
        <Line Pattern="Solid">ROTAP/MN510/MN508</Line>
        <Line Pattern="Solid">SOLEV/MN506</Line>
    </Map>
    <Map Type="System" Name="RWY20 STARs Labels" Priority="1" Center="+18.4264+031.8349">
        <Symbol Type="HollowStar">
            <Point>GERAS</Point>
            <Point>MN510</Point>
            <Point>MN508</Point>
            <Point>KURTI</Point>
            <Point>MN506</Point>
            <Point>ORKAL</Point>
            <Point>ROTAP</Point>
            <Point>SOLEV</Point>
        </Symbol>
        <Label HasLeader="true">
            <Point>GERAS</Point>
            <Point>MN510</Point>
            <Point>MN508</Point>
            <Point>KURTI</Point>
            <Point>MN506</Point>
            <Point>ORKAL</Point>
            <Point>ROTAP</Point>
            <Point>SOLEV</Point>
        </Label>
    </Map>

    <Map Type="System" Name="RWY02 SIDs" Priority="1" Center="+18.4264+031.8349">
        <Line Pattern="Solid">MN600/GERAS</Line>
        <Line Pattern="Solid">MN600/KURTI</Line>
        <Line Pattern="Solid">MN600/ORKAL</Line>
        <Line Pattern="Solid">MN600/+18.505714+031.871994/
            +18.505714+031.871994/
            +18.505714+031.871994/
            +18.505714+031.871994/
            +18.507517+031.872910/
            +18.507517+031.872910/
            +18.509237+031.873989/
            +18.509237+031.873989/
            +18.510862+031.875221/
            +18.510862+031.875221/
            +18.512379+031.876597/
            +18.512379+031.876597/
            +18.513776+031.878108/
            +18.513776+031.878108/
            +18.515043+031.879741/
            +18.515043+031.879741/
            +18.516171+031.881484/
            +18.516171+031.881484/
            +18.517150+031.883324/
            +18.517150+031.883324/
            +18.517974+031.885247/
            +18.517974+031.885247/
            +18.518636+031.887238/
            +18.518636+031.887238/
            +18.519131+031.889282/
            +18.519131+031.889282/
            +18.519455+031.891364/
            +18.519455+031.891364/
            +18.519606+031.893468/
            +18.519606+031.893468/
            +18.519583+031.895578/
            +18.519583+031.895578/
            +18.519385+031.897677/
            +18.519385+031.897677/
            +18.519015+031.899751/
            +18.519015+031.899751/
            +18.518475+031.901782/
            +18.518475+031.901782/
            +18.517769+031.903757/
            +18.517769+031.903757/
            +18.516903+031.905659/
            +18.516903+031.905659/
            +18.515883+031.907474/
            +18.515883+031.907474/
            +18.514717+031.909189/
            +18.514717+031.909189/
            +18.513414+031.910790/
            +18.513414+031.910790/
            +18.511984+031.912266/
            +18.511984+031.912266/
            +18.510437+031.913605/
            +18.510437+031.913605/
            +18.508785+031.914797/
            +18.508785+031.914797/
            +18.507041+031.915832/
            +18.507041+031.915832/
            +18.505219+031.916704/
            +18.505219+031.916704/
            +18.503331+031.917405/
            +18.503331+031.917405/MN601/ROTAP</Line>
        <Line Pattern="Solid">MN600/SOLEV</Line>
    </Map>
    <Map Type="System" Name="RWY02 SIDs Labels" Priority="1" Center="+18.4264+031.8349">
        <Symbol Type="HollowTriangle">
            <Point>MN600</Point>
            <Point>GERAS</Point>
            <Point>KURTI</Point>
            <Point>ORKAL</Point>
            <Point>MN601</Point>
            <Point>ROTAP</Point>
            <Point>SOLEV</Point>
        </Symbol>
        <Label HasLeader="true">
            <Point>MN600</Point>
            <Point>GERAS</Point>
            <Point>KURTI</Point>
            <Point>ORKAL</Point>
            <Point>MN601</Point>
            <Point>ROTAP</Point>
            <Point>SOLEV</Point>
        </Label>
    </Map>
    <Map Type="System" Name="RWY20 SIDs" Priority="1" Center="+18.4264+031.8349">
        <Line Pattern="Solid">MN700/MN702/MN704/GERAS</Line>
        <Line Pattern="Solid">MN700/KURTI</Line>
        <Line Pattern="Solid">MN700/ORKAL</Line>
        <Line Pattern="Solid">MN700//ROTAP</Line>
        <Line Pattern="Solid">MN700/SOLEV</Line>
    </Map>
    <Map Type="System" Name="RWY20 SIDs Labels" Priority="1" Center="+18.4264+031.8349">
        <Symbol Type="HollowTriangle">
            <Point>MN700</Point>
            <Point>MN702</Point>
            <Point>MN704</Point>
            <Point>GERAS</Point>
            <Point>KURTI</Point>
            <Point>ORKAL</Point>
            <Point>ROTAP</Point>
            <Point>SOLEV</Point>
        </Symbol>
        <Label HasLeader="true">
            <Point>MN700</Point>
            <Point>MN702</Point>
            <Point>MN704</Point>
            <Point>GERAS</Point>
            <Point>KURTI</Point>
            <Point>ORKAL</Point>
            <Point>ROTAP</Point>
            <Point>SOLEV</Point>
        </Label>
    </Map>
    <Map Name="RWY02_RNP" Type="System" Pattern="Solid" Priority="0" Center="+18.4264+031.8349">
        <Label HasLeader="true">
            <Point>MN406</Point>
            <Point>MN404</Point>
            <Point>MN402</Point>
        </Label>
        <Symbol Type="SolidStar">
            <Point>MN406</Point>
            <Point>MN404</Point>
            <Point>MN402</Point>
        </Symbol>
        <Line>MN406/MN404/MN402/+18.326292+031.790803/+18.426422+031.836092/+18.426422+031.836092</Line>
    </Map>
    <Map Name="RWY20_RNP" Type="System" Pattern="Solid" Priority="0" Center="+18.4264+031.8349">
        <Label HasLeader="true">
            <Point>MN508</Point>
            <Point>MN506</Point>
            <Point>MN504</Point>
            <Point>MN502</Point>
        </Label>
        <Symbol Type="SolidStar">
            <Point>MN508</Point>
            <Point>MN506</Point>
            <Point>MN504</Point>
            <Point>MN502</Point>
        </Symbol>
        <Line>MN508/MN504/MN502/+18.559828+031.896519/+18.459756+031.851181/+18.459756+031.851181</Line>
        <Line>MN506/MN504/MN502/+18.559828+031.896519/+18.459756+031.851181/+18.459756+031.851181</Line>
    </Map>
</Maps>