<Airspace>
  <SystemRunways>
    <Airport Name="HJJJ">
      <Runway Name="13" DataRunway="13">
        <SID Name="ATUG1B" />
        <SID Name="EGBI1B" />
        <SID Name="EPLA1B" />
        <SID Name="IMDU1B" />
        <SID Name="KABL1B" />
        <SID Name="OVEL1B" />
        <SID Name="SAGB1B" />
        <SID Name="TAPO1B" />
        <STAR Name="ATUG1A" />
        <STAR Name="EGBI1A" />
        <STAR Name="EPLA1A" />
        <STAR Name="IMDU1A" />
        <STAR Name="KABL1A" />
        <STAR Name="OVEL1A" />
        <STAR Name="SAGB1A" />
        <STAR Name="TAPO1A" />
      </Runway>
      <Runway Name="31" DataRunway="31">
        <SID Name="ATUG1D" />
        <SID Name="EGBI1D" />
        <SID Name="EPLA1D" />
        <SID Name="IMDU1D" />
        <SID Name="KABL1D" />
        <SID Name="OVEL1D" />
        <SID Name="SAGB1D" />
        <SID Name="TAPO1D" />
        <STAR Name="ATUG1C" />
        <STAR Name="EGBI1C" />
        <STAR Name="EPLA1C" />
        <STAR Name="IMDU1C" />
        <STAR Name="KABL1C" />
        <STAR Name="OVEL1C" />
        <STAR Name="SAGB1C" />
        <STAR Name="TAPO1C" />
      </Runway>
    </Airport>
    <Airport Name="HSFS">
      <Runway Name="05" DataRunway="05">
        <SID Name="ASMA1E" />
        <SID Name="IMLO1E" />
        <SID Name="IVOS1E" />
        <SID Name="RAMG1E" />
        <SID Name="ASMA1A" />
        <SID Name="IMLO1A" />
        <SID Name="IVOS1A" />
        <SID Name="RAMG1A" />
        <STAR Name="ASMA1E" />
        <STAR Name="IMLO1E" />
        <STAR Name="IVOS1E" />
        <STAR Name="RAMG1E" />
        <STAR Name="ASMA1A" />
        <STAR Name="IMLO1A" />
        <STAR Name="IVOS1A" />
        <STAR Name="RAMG1A" />
      </Runway>
      <Runway Name="23" DataRunway="23">
        <SID Name="ASMA1W" />
        <SID Name="IMLO1W" />
        <SID Name="IVOS1W" />
        <SID Name="RAMG1W" />
        <SID Name="ASMA1B" />
        <SID Name="IMLO1B" />
        <SID Name="IVOS1B" />
        <SID Name="RAMG1B" />
        <STAR Name="ASMA1W" />
        <STAR Name="IMLO1W" />
        <STAR Name="IVOS1W" />
        <STAR Name="RAMG1W" />
        <STAR Name="ASMA1B" />
        <STAR Name="IMLO1B" />
        <STAR Name="IVOS1B" />
        <STAR Name="RAMG1B" />
      </Runway>
    </Airport>
    <Airport Name="HSMN">
      <Runway Name="02" DataRunway="02">
        <SID Name="GERA1N" />
        <SID Name="KURT1N" />
        <SID Name="ORKA1N" />
        <SID Name="ROTA1N" />
        <SID Name="SOLE1N" />
        <SID Name="GERA1A" />
        <SID Name="KURT1A" />
        <SID Name="ORKA1A" />
        <SID Name="ROTA1A" />
        <SID Name="SOLE1A" />
        <STAR Name="GERA1N" />
        <STAR Name="KURT1N" />
        <STAR Name="ORKA1N" />
        <STAR Name="ROTA1N" />
        <STAR Name="SOLE1N" />
        <STAR Name="GERA1A" />
        <STAR Name="KURT1A" />
        <STAR Name="ORKA1A" />
        <STAR Name="ROTA1A" />
        <STAR Name="SOLE1A" />
      </Runway>
      <Runway Name="20" DataRunway="20">
        <SID Name="GERA1S" />
        <SID Name="KURT1S" />
        <SID Name="ORKA1S" />
        <SID Name="ROTA1S" />
        <SID Name="SOLE1S" />
        <SID Name="GERA1B" />
        <SID Name="KURT1B" />
        <SID Name="ORKA1B" />
        <SID Name="ROTA1B" />
        <SID Name="SOLE1B" />
        <STAR Name="GERA1S" />
        <STAR Name="KURT1S" />
        <STAR Name="ORKA1S" />
        <STAR Name="ROTA1S" />
        <STAR Name="SOLE1S" />
        <STAR Name="GERA1B" />
        <STAR Name="KURT1B" />
        <STAR Name="ORKA1B" />
        <STAR Name="ROTA1B" />
        <STAR Name="SOLE1B" />
      </Runway>
    </Airport>
    <Airport Name="HSPN">
      <Runway Name="16" DataRunway="16">
        <SID Name="DAPE1S" />
        <SID Name="GEPI1S" />
        <SID Name="NABU1S" />
        <SID Name="PEKA1S" />
        <SID Name="PURA1S" />
        <SID Name="SENK1S" />
        <SID Name="DAPE1B" />
        <SID Name="GEPI1B" />
        <SID Name="NABU1B" />
        <SID Name="PEKA1B" />
        <SID Name="PURA1B" />
        <SID Name="SENK1B" />
        <STAR Name="ALKET1" />
        <STAR Name="DAPEN1" />
        <STAR Name="NABUT1" />
        <STAR Name="PEKAB1" />
        <STAR Name="PURAG1" />
        <STAR Name="SENKA1" />
        <STAR Name="ALKE1B" />
        <STAR Name="DAPE1B" />
        <STAR Name="NABU1B" />
        <STAR Name="PEKA1B" />
        <STAR Name="PURA1B" />
        <STAR Name="SENK1B" />
      </Runway>
      <Runway Name="34" DataRunway="34">
        <SID Name="DAPE1N" />
        <SID Name="GEPI1N" />
        <SID Name="NABU1N" />
        <SID Name="PEKA1N" />
        <SID Name="PURA1N" />
        <SID Name="SENK1N" />
        <SID Name="DAPE1A" />
        <SID Name="GEPI1A" />
        <SID Name="NABU1A" />
        <SID Name="PEKA1A" />
        <SID Name="PURA1A" />
        <SID Name="SENK1A" />
        <STAR Name="ALKET1" />
        <STAR Name="DAPEN1" />
        <STAR Name="NABUT1" />
        <STAR Name="PEKAB1" />
        <STAR Name="PURAG1" />
        <STAR Name="SENKA1" />
        <STAR Name="ALKE1A" />
        <STAR Name="DAPE1A" />
        <STAR Name="NABU1A" />
        <STAR Name="PEKA1A" />
        <STAR Name="PURA1A" />
        <STAR Name="SENK1A" />
      </Runway>
    </Airport>
    <Airport Name="HSSK">
      <Runway Name="18" DataRunway="18">
        <SID Name="GERA1A" />
        <SID Name="KARE1A" />
        <SID Name="KUVT1A" />
        <SID Name="PASI1A" />
        <SID Name="RADK1A" />
        <SID Name="SIVI1A" />
        <SID Name="SODA1A" />
        <SID Name="TABK1A" />
        <SID Name="TABK1C" />
        <STAR Name="GERA1A" />
        <STAR Name="KARE1A" />
        <STAR Name="KUVT1A" />
        <STAR Name="PASI1A" />
        <STAR Name="RADK1A" />
        <STAR Name="SIVI1A" />
        <STAR Name="SODA1A" />
        <STAR Name="TABK1A" />
      </Runway>
      <Runway Name="36" DataRunway="36">
        <SID Name="GERA2B" />
        <SID Name="KARE2B" />
        <SID Name="KUVT2B" />
        <SID Name="PASI2B" />
        <SID Name="RADK2B" />
        <SID Name="SIVI2B" />
        <SID Name="SODA2B" />
        <SID Name="TABK2B" />
        <STAR Name="GERA1B" />
        <STAR Name="KARE1B" />
        <STAR Name="KUVT1B" />
        <STAR Name="PASI1B" />
        <STAR Name="RADK1B" />
        <STAR Name="SIVI1B" />
        <STAR Name="SODA1B" />
        <STAR Name="TABK1B" />
      </Runway>
    </Airport>
  </SystemRunways>

  <!--Waypoints-->

  <Intersections>
    <Point Name="0329E" Type="Fix">+03.000000+029.000000</Point>
    <Point Name="0428E" Type="Fix">+04.000000+028.000000</Point>
    <Point Name="0429E" Type="Fix">+04.000000+029.000000</Point>
    <Point Name="0430E" Type="Fix">+04.000000+030.000000</Point>
    <Point Name="0431E" Type="Fix">+04.000000+031.000000</Point>
    <Point Name="0432E" Type="Fix">+04.000000+032.000000</Point>
    <Point Name="0433E" Type="Fix">+04.000000+033.000000</Point>
    <Point Name="0434E" Type="Fix">+04.000000+034.000000</Point>
    <Point Name="0435E" Type="Fix">+04.000000+035.000000</Point>
    <Point Name="0436E" Type="Fix">+04.000000+036.000000</Point>
    <Point Name="0527E" Type="Fix">+05.000000+027.000000</Point>
    <Point Name="0528E" Type="Fix">+05.000000+028.000000</Point>
    <Point Name="0529E" Type="Fix">+05.000000+029.000000</Point>
    <Point Name="0530E" Type="Fix">+05.000000+030.000000</Point>
    <Point Name="0531E" Type="Fix">+05.000000+031.000000</Point>
    <Point Name="0532E" Type="Fix">+05.000000+032.000000</Point>
    <Point Name="0533E" Type="Fix">+05.000000+033.000000</Point>
    <Point Name="0534E" Type="Fix">+05.000000+034.000000</Point>
    <Point Name="0535E" Type="Fix">+05.000000+035.000000</Point>
    <Point Name="0536E" Type="Fix">+05.000000+036.000000</Point>
    <Point Name="0626E" Type="Fix">+06.000000+026.000000</Point>
    <Point Name="0627E" Type="Fix">+06.000000+027.000000</Point>
    <Point Name="0628E" Type="Fix">+06.000000+028.000000</Point>
    <Point Name="0629E" Type="Fix">+06.000000+029.000000</Point>
    <Point Name="0630E" Type="Fix">+06.000000+030.000000</Point>
    <Point Name="0631E" Type="Fix">+06.000000+031.000000</Point>
    <Point Name="0632E" Type="Fix">+06.000000+032.000000</Point>
    <Point Name="0633E" Type="Fix">+06.000000+033.000000</Point>
    <Point Name="0634E" Type="Fix">+06.000000+034.000000</Point>
    <Point Name="0635E" Type="Fix">+06.000000+035.000000</Point>
    <Point Name="0725E" Type="Fix">+07.000000+025.000000</Point>
    <Point Name="0726E" Type="Fix">+07.000000+026.000000</Point>
    <Point Name="0727E" Type="Fix">+07.000000+027.000000</Point>
    <Point Name="0728E" Type="Fix">+07.000000+028.000000</Point>
    <Point Name="0729E" Type="Fix">+07.000000+029.000000</Point>
    <Point Name="0730E" Type="Fix">+07.000000+030.000000</Point>
    <Point Name="0731E" Type="Fix">+07.000000+031.000000</Point>
    <Point Name="0732E" Type="Fix">+07.000000+032.000000</Point>
    <Point Name="0733E" Type="Fix">+07.000000+033.000000</Point>
    <Point Name="0734E" Type="Fix">+07.000000+034.000000</Point>
    <Point Name="0824E" Type="Fix">+08.000000+024.000000</Point>
    <Point Name="0825E" Type="Fix">+08.000000+025.000000</Point>
    <Point Name="0826E" Type="Fix">+08.000000+026.000000</Point>
    <Point Name="0827E" Type="Fix">+08.000000+027.000000</Point>
    <Point Name="0828E" Type="Fix">+08.000000+028.000000</Point>
    <Point Name="0829E" Type="Fix">+08.000000+029.000000</Point>
    <Point Name="0830E" Type="Fix">+08.000000+030.000000</Point>
    <Point Name="0831E" Type="Fix">+08.000000+031.000000</Point>
    <Point Name="0832E" Type="Fix">+08.000000+032.000000</Point>
    <Point Name="0833E" Type="Fix">+08.000000+033.000000</Point>
    <Point Name="0834E" Type="Fix">+08.000000+034.000000</Point>
    <Point Name="0923E" Type="Fix">+09.000000+023.000000</Point>
    <Point Name="0924E" Type="Fix">+09.000000+024.000000</Point>
    <Point Name="0925E" Type="Fix">+09.000000+025.000000</Point>
    <Point Name="0926E" Type="Fix">+09.000000+026.000000</Point>
    <Point Name="0927E" Type="Fix">+09.000000+027.000000</Point>
    <Point Name="0928E" Type="Fix">+09.000000+028.000000</Point>
    <Point Name="0929E" Type="Fix">+09.000000+029.000000</Point>
    <Point Name="0930E" Type="Fix">+09.000000+030.000000</Point>
    <Point Name="0931E" Type="Fix">+09.000000+031.000000</Point>
    <Point Name="0932E" Type="Fix">+09.000000+032.000000</Point>
    <Point Name="0933E" Type="Fix">+09.000000+033.000000</Point>
    <Point Name="0934E" Type="Fix">+09.000000+034.000000</Point>
    <Point Name="1022E" Type="Fix">+10.000000+022.000000</Point>
    <Point Name="1023E" Type="Fix">+10.000000+023.000000</Point>
    <Point Name="1024E" Type="Fix">+10.000000+024.000000</Point>
    <Point Name="1025E" Type="Fix">+10.000000+025.000000</Point>
    <Point Name="1026E" Type="Fix">+10.000000+026.000000</Point>
    <Point Name="1027E" Type="Fix">+10.000000+027.000000</Point>
    <Point Name="1028E" Type="Fix">+10.000000+028.000000</Point>
    <Point Name="1029E" Type="Fix">+10.000000+029.000000</Point>
    <Point Name="1030E" Type="Fix">+10.000000+030.000000</Point>
    <Point Name="1031E" Type="Fix">+10.000000+031.000000</Point>
    <Point Name="1032E" Type="Fix">+10.000000+032.000000</Point>
    <Point Name="1033E" Type="Fix">+10.000000+033.000000</Point>
    <Point Name="1034E" Type="Fix">+10.000000+034.000000</Point>
    <Point Name="1121E" Type="Fix">+11.000000+021.000000</Point>
    <Point Name="1122E" Type="Fix">+11.000000+022.000000</Point>
    <Point Name="1123E" Type="Fix">+11.000000+023.000000</Point>
    <Point Name="1124E" Type="Fix">+11.000000+024.000000</Point>
    <Point Name="1125E" Type="Fix">+11.000000+025.000000</Point>
    <Point Name="1126E" Type="Fix">+11.000000+026.000000</Point>
    <Point Name="1127E" Type="Fix">+11.000000+027.000000</Point>
    <Point Name="1128E" Type="Fix">+11.000000+028.000000</Point>
    <Point Name="1129E" Type="Fix">+11.000000+029.000000</Point>
    <Point Name="1130E" Type="Fix">+11.000000+030.000000</Point>
    <Point Name="1131E" Type="Fix">+11.000000+031.000000</Point>
    <Point Name="1132E" Type="Fix">+11.000000+032.000000</Point>
    <Point Name="1133E" Type="Fix">+11.000000+033.000000</Point>
    <Point Name="1134E" Type="Fix">+11.000000+034.000000</Point>
    <Point Name="1135E" Type="Fix">+11.000000+035.000000</Point>
    <Point Name="1221E" Type="Fix">+12.000000+021.000000</Point>
    <Point Name="1222E" Type="Fix">+12.000000+022.000000</Point>
    <Point Name="1223E" Type="Fix">+12.000000+023.000000</Point>
    <Point Name="1224E" Type="Fix">+12.000000+024.000000</Point>
    <Point Name="1225E" Type="Fix">+12.000000+025.000000</Point>
    <Point Name="1226E" Type="Fix">+12.000000+026.000000</Point>
    <Point Name="1227E" Type="Fix">+12.000000+027.000000</Point>
    <Point Name="1228E" Type="Fix">+12.000000+028.000000</Point>
    <Point Name="1229E" Type="Fix">+12.000000+029.000000</Point>
    <Point Name="1230E" Type="Fix">+12.000000+030.000000</Point>
    <Point Name="1231E" Type="Fix">+12.000000+031.000000</Point>
    <Point Name="1232E" Type="Fix">+12.000000+032.000000</Point>
    <Point Name="1233E" Type="Fix">+12.000000+033.000000</Point>
    <Point Name="1234E" Type="Fix">+12.000000+034.000000</Point>
    <Point Name="1235E" Type="Fix">+12.000000+035.000000</Point>
    <Point Name="1236E" Type="Fix">+12.000000+036.000000</Point>
    <Point Name="1321E" Type="Fix">+13.000000+021.000000</Point>
    <Point Name="1322E" Type="Fix">+13.000000+022.000000</Point>
    <Point Name="1323E" Type="Fix">+13.000000+023.000000</Point>
    <Point Name="1324E" Type="Fix">+13.000000+024.000000</Point>
    <Point Name="1325E" Type="Fix">+13.000000+025.000000</Point>
    <Point Name="1326E" Type="Fix">+13.000000+026.000000</Point>
    <Point Name="1327E" Type="Fix">+13.000000+027.000000</Point>
    <Point Name="1328E" Type="Fix">+13.000000+028.000000</Point>
    <Point Name="1329E" Type="Fix">+13.000000+029.000000</Point>
    <Point Name="1330E" Type="Fix">+13.000000+030.000000</Point>
    <Point Name="1331E" Type="Fix">+13.000000+031.000000</Point>
    <Point Name="1332E" Type="Fix">+13.000000+032.000000</Point>
    <Point Name="1333E" Type="Fix">+13.000000+033.000000</Point>
    <Point Name="1334E" Type="Fix">+13.000000+034.000000</Point>
    <Point Name="1335E" Type="Fix">+13.000000+035.000000</Point>
    <Point Name="1336E" Type="Fix">+13.000000+036.000000</Point>
    <Point Name="1421E" Type="Fix">+14.000000+021.000000</Point>
    <Point Name="1422E" Type="Fix">+14.000000+022.000000</Point>
    <Point Name="1423E" Type="Fix">+14.000000+023.000000</Point>
    <Point Name="1424E" Type="Fix">+14.000000+024.000000</Point>
    <Point Name="1425E" Type="Fix">+14.000000+025.000000</Point>
    <Point Name="1426E" Type="Fix">+14.000000+026.000000</Point>
    <Point Name="1427E" Type="Fix">+14.000000+027.000000</Point>
    <Point Name="1428E" Type="Fix">+14.000000+028.000000</Point>
    <Point Name="1429E" Type="Fix">+14.000000+029.000000</Point>
    <Point Name="1430E" Type="Fix">+14.000000+030.000000</Point>
    <Point Name="1431E" Type="Fix">+14.000000+031.000000</Point>
    <Point Name="1432E" Type="Fix">+14.000000+032.000000</Point>
    <Point Name="1433E" Type="Fix">+14.000000+033.000000</Point>
    <Point Name="1434E" Type="Fix">+14.000000+034.000000</Point>
    <Point Name="1435E" Type="Fix">+14.000000+035.000000</Point>
    <Point Name="1436E" Type="Fix">+14.000000+036.000000</Point>
    <Point Name="1437E" Type="Fix">+14.000000+037.000000</Point>
    <Point Name="1521E" Type="Fix">+15.000000+021.000000</Point>
    <Point Name="1522E" Type="Fix">+15.000000+022.000000</Point>
    <Point Name="1523E" Type="Fix">+15.000000+023.000000</Point>
    <Point Name="1524E" Type="Fix">+15.000000+024.000000</Point>
    <Point Name="1525E" Type="Fix">+15.000000+025.000000</Point>
    <Point Name="1526E" Type="Fix">+15.000000+026.000000</Point>
    <Point Name="1527E" Type="Fix">+15.000000+027.000000</Point>
    <Point Name="1528E" Type="Fix">+15.000000+028.000000</Point>
    <Point Name="1529E" Type="Fix">+15.000000+029.000000</Point>
    <Point Name="1530E" Type="Fix">+15.000000+030.000000</Point>
    <Point Name="1531E" Type="Fix">+15.000000+031.000000</Point>
    <Point Name="1532E" Type="Fix">+15.000000+032.000000</Point>
    <Point Name="1533E" Type="Fix">+15.000000+033.000000</Point>
    <Point Name="1534E" Type="Fix">+15.000000+034.000000</Point>
    <Point Name="1535E" Type="Fix">+15.000000+035.000000</Point>
    <Point Name="1536E" Type="Fix">+15.000000+036.000000</Point>
    <Point Name="1537E" Type="Fix">+15.000000+037.000000</Point>
    <Point Name="1622E" Type="Fix">+16.000000+022.000000</Point>
    <Point Name="1623E" Type="Fix">+16.000000+023.000000</Point>
    <Point Name="1624E" Type="Fix">+16.000000+024.000000</Point>
    <Point Name="1625E" Type="Fix">+16.000000+025.000000</Point>
    <Point Name="1626E" Type="Fix">+16.000000+026.000000</Point>
    <Point Name="1627E" Type="Fix">+16.000000+027.000000</Point>
    <Point Name="1628E" Type="Fix">+16.000000+028.000000</Point>
    <Point Name="1629E" Type="Fix">+16.000000+029.000000</Point>
    <Point Name="1630E" Type="Fix">+16.000000+030.000000</Point>
    <Point Name="1631E" Type="Fix">+16.000000+031.000000</Point>
    <Point Name="1632E" Type="Fix">+16.000000+032.000000</Point>
    <Point Name="1633E" Type="Fix">+16.000000+033.000000</Point>
    <Point Name="1634E" Type="Fix">+16.000000+034.000000</Point>
    <Point Name="1635E" Type="Fix">+16.000000+035.000000</Point>
    <Point Name="1636E" Type="Fix">+16.000000+036.000000</Point>
    <Point Name="1637E" Type="Fix">+16.000000+037.000000</Point>
    <Point Name="1722E" Type="Fix">+17.000000+022.000000</Point>
    <Point Name="1723E" Type="Fix">+17.000000+023.000000</Point>
    <Point Name="1724E" Type="Fix">+17.000000+024.000000</Point>
    <Point Name="1725E" Type="Fix">+17.000000+025.000000</Point>
    <Point Name="1726E" Type="Fix">+17.000000+026.000000</Point>
    <Point Name="1727E" Type="Fix">+17.000000+027.000000</Point>
    <Point Name="1728E" Type="Fix">+17.000000+028.000000</Point>
    <Point Name="1729E" Type="Fix">+17.000000+029.000000</Point>
    <Point Name="1730E" Type="Fix">+17.000000+030.000000</Point>
    <Point Name="1731E" Type="Fix">+17.000000+031.000000</Point>
    <Point Name="1732E" Type="Fix">+17.000000+032.000000</Point>
    <Point Name="1733E" Type="Fix">+17.000000+033.000000</Point>
    <Point Name="1734E" Type="Fix">+17.000000+034.000000</Point>
    <Point Name="1735E" Type="Fix">+17.000000+035.000000</Point>
    <Point Name="1736E" Type="Fix">+17.000000+036.000000</Point>
    <Point Name="1737E" Type="Fix">+17.000000+037.000000</Point>
    <Point Name="1738E" Type="Fix">+17.000000+038.000000</Point>
    <Point Name="1822E" Type="Fix">+18.000000+022.000000</Point>
    <Point Name="1823E" Type="Fix">+18.000000+023.000000</Point>
    <Point Name="1824E" Type="Fix">+18.000000+024.000000</Point>
    <Point Name="1825E" Type="Fix">+18.000000+025.000000</Point>
    <Point Name="1826E" Type="Fix">+18.000000+026.000000</Point>
    <Point Name="1827E" Type="Fix">+18.000000+027.000000</Point>
    <Point Name="1828E" Type="Fix">+18.000000+028.000000</Point>
    <Point Name="1829E" Type="Fix">+18.000000+029.000000</Point>
    <Point Name="1830E" Type="Fix">+18.000000+030.000000</Point>
    <Point Name="1831E" Type="Fix">+18.000000+031.000000</Point>
    <Point Name="1832E" Type="Fix">+18.000000+032.000000</Point>
    <Point Name="1833E" Type="Fix">+18.000000+033.000000</Point>
    <Point Name="1834E" Type="Fix">+18.000000+034.000000</Point>
    <Point Name="1835E" Type="Fix">+18.000000+035.000000</Point>
    <Point Name="1836E" Type="Fix">+18.000000+036.000000</Point>
    <Point Name="1837E" Type="Fix">+18.000000+037.000000</Point>
    <Point Name="1838E" Type="Fix">+18.000000+038.000000</Point>
    <Point Name="1923E" Type="Fix">+19.000000+023.000000</Point>
    <Point Name="1924E" Type="Fix">+19.000000+024.000000</Point>
    <Point Name="1925E" Type="Fix">+19.000000+025.000000</Point>
    <Point Name="1926E" Type="Fix">+19.000000+026.000000</Point>
    <Point Name="1927E" Type="Fix">+19.000000+027.000000</Point>
    <Point Name="1928E" Type="Fix">+19.000000+028.000000</Point>
    <Point Name="1929E" Type="Fix">+19.000000+029.000000</Point>
    <Point Name="1930E" Type="Fix">+19.000000+030.000000</Point>
    <Point Name="1931E" Type="Fix">+19.000000+031.000000</Point>
    <Point Name="1932E" Type="Fix">+19.000000+032.000000</Point>
    <Point Name="1933E" Type="Fix">+19.000000+033.000000</Point>
    <Point Name="1934E" Type="Fix">+19.000000+034.000000</Point>
    <Point Name="1935E" Type="Fix">+19.000000+035.000000</Point>
    <Point Name="1936E" Type="Fix">+19.000000+036.000000</Point>
    <Point Name="1937E" Type="Fix">+19.000000+037.000000</Point>
    <Point Name="1938E" Type="Fix">+19.000000+038.000000</Point>
    <Point Name="2023E" Type="Fix">+20.000000+023.000000</Point>
    <Point Name="2024E" Type="Fix">+20.000000+024.000000</Point>
    <Point Name="ORNAT" Type="Fix">+20.000000+025.000000</Point>
    <Point Name="2026E" Type="Fix">+20.000000+026.000000</Point>
    <Point Name="2027E" Type="Fix">+20.000000+027.000000</Point>
    <Point Name="2028E" Type="Fix">+20.000000+028.000000</Point>
    <Point Name="2029E" Type="Fix">+20.000000+029.000000</Point>
    <Point Name="2030E" Type="Fix">+20.000000+030.000000</Point>
    <Point Name="2031E" Type="Fix">+20.000000+031.000000</Point>
    <Point Name="2032E" Type="Fix">+20.000000+032.000000</Point>
    <Point Name="2033E" Type="Fix">+20.000000+033.000000</Point>
    <Point Name="2034E" Type="Fix">+20.000000+034.000000</Point>
    <Point Name="2035E" Type="Fix">+20.000000+035.000000</Point>
    <Point Name="2036E" Type="Fix">+20.000000+036.000000</Point>
    <Point Name="2037E" Type="Fix">+20.000000+037.000000</Point>
    <Point Name="2038E" Type="Fix">+20.000000+038.000000</Point>
    <Point Name="2124E" Type="Fix">+21.000000+024.000000</Point>
    <Point Name="2125E" Type="Fix">+21.000000+025.000000</Point>
    <Point Name="2126E" Type="Fix">+21.000000+026.000000</Point>
    <Point Name="2127E" Type="Fix">+21.000000+027.000000</Point>
    <Point Name="2128E" Type="Fix">+21.000000+028.000000</Point>
    <Point Name="2129E" Type="Fix">+21.000000+029.000000</Point>
    <Point Name="2130E" Type="Fix">+21.000000+030.000000</Point>
    <Point Name="2131E" Type="Fix">+21.000000+031.000000</Point>
    <Point Name="2132E" Type="Fix">+21.000000+032.000000</Point>
    <Point Name="2133E" Type="Fix">+21.000000+033.000000</Point>
    <Point Name="2134E" Type="Fix">+21.000000+034.000000</Point>
    <Point Name="2135E" Type="Fix">+21.000000+035.000000</Point>
    <Point Name="2136E" Type="Fix">+21.000000+036.000000</Point>
    <Point Name="2137E" Type="Fix">+21.000000+037.000000</Point>
    <Point Name="2138E" Type="Fix">+21.000000+038.000000</Point>
    <Point Name="2224E" Type="Fix">+22.000000+024.000000</Point>
    <Point Name="2225E" Type="Fix">+22.000000+025.000000</Point>
    <Point Name="2226E" Type="Fix">+22.000000+026.000000</Point>
    <Point Name="2227E" Type="Fix">+22.000000+027.000000</Point>
    <Point Name="2228E" Type="Fix">+22.000000+028.000000</Point>
    <Point Name="2229E" Type="Fix">+22.000000+029.000000</Point>
    <Point Name="2230E" Type="Fix">+22.000000+030.000000</Point>
    <Point Name="2231E" Type="Fix">+22.000000+031.000000</Point>
    <Point Name="2232E" Type="Fix">+22.000000+032.000000</Point>
    <Point Name="2233E" Type="Fix">+22.000000+033.000000</Point>
    <Point Name="2234E" Type="Fix">+22.000000+034.000000</Point>
    <Point Name="2235E" Type="Fix">+22.000000+035.000000</Point>
    <Point Name="2236E" Type="Fix">+22.000000+036.000000</Point>
    <Point Name="2237E" Type="Fix">+22.000000+037.000000</Point>
    <Point Name="2238E" Type="Fix">+22.000000+038.000000</Point>
    <Point Name="23TH2" Type="Fix">+04.840133+031.638703</Point>
    <Point Name="23THR" Type="Fix">+04.907972+031.558703</Point>
    <Point Name="25THR" Type="Fix">+15.644814+032.552647</Point>
    <Point Name="30DME" Type="Fix">+18.367414+031.809725</Point>
    <Point Name="30THR" Type="Fix">+13.654075+025.376069</Point>
    <Point Name="34TH2" Type="Fix">+18.511978+031.874831</Point>
    <Point Name="34THR" Type="Fix">+18.374194+031.812458</Point>
    <Point Name="40LO2" Type="Fix">+15.511969+032.553906</Point>
    <Point Name="40LOC" Type="Fix">+15.666583+032.552533</Point>
    <Point Name="46VOR" Type="Fix">+13.645756+025.365006</Point>
    <Point Name="52LOC" Type="Fix">+19.340369+037.256006</Point>
    <Point Name="64DME" Type="Fix">+18.512189+031.874128</Point>
    <Point Name="68KTM" Type="Fix">+14.027778+034.968889</Point>
    <Point Name="70DME" Type="Fix">+18.521431+031.878242</Point>
    <Point Name="ALEBA" Type="Fix">+22.000000+035.450000</Point>
    <Point Name="ALKED" Type="Fix">+22.364444+031.514444</Point>
    <Point Name="ALKET" Type="Fix">+20.105278+037.523056</Point>
    <Point Name="ALKEV" Type="Fix">+22.208222+038.381444</Point>
    <Point Name="ALMAM" Type="Fix">+09.562500+024.747500</Point>
    <Point Name="ALPOX" Type="Fix">+17.191944+032.141944</Point>
    <Point Name="ALRAP" Type="Fix">+13.662500+036.228889</Point>
    <Point Name="ALSUG" Type="Fix">+13.412833+025.060542</Point>
    <Point Name="AMATO" Type="Fix">+05.310000+035.023333</Point>
    <Point Name="AMPER" Type="Fix">+05.255000+026.120000</Point>
    <Point Name="ANTAX" Type="Fix">+04.000000+035.380000</Point>
    <Point Name="APGEM" Type="Fix">+04.205911+034.323511</Point>
    <Point Name="ARBEG" Type="Fix">+13.231944+020.961111</Point>
    <Point Name="ASKOL" Type="Fix">+15.815000+024.001486</Point>
    <Point Name="ASKON" Type="Fix">+06.295833+026.426944</Point>
    <Point Name="ASMAG" Type="Fix">+13.522600+026.155108</Point>
    <Point Name="ASNED" Type="Fix">+13.409644+030.269294</Point>
    <Point Name="ASNON" Type="Fix">+15.138333+030.886667</Point>
    <Point Name="ASRAV" Type="Fix">+17.411667+030.328611</Point>
    <Point Name="ATMUL" Type="Fix">+22.000000+029.090833</Point>
    <Point Name="ATUGA" Type="Fix">+04.000000+031.800000</Point>
    <Point Name="AVAGI" Type="Fix">+04.000000+035.432661</Point>
    <Point Name="AVONO" Type="Fix">+09.338333+033.933333</Point>
    <Point Name="AXAMI" Type="Fix">+12.572500+036.226111</Point>
    <Point Name="AXERA" Type="Fix">+12.714167+036.243611</Point>
    <Point Name="AXODU" Type="Fix">+03.984444+034.203192</Point>
    <Point Name="AXOPO" Type="Fix">+04.148047+034.548525</Point>
    <Point Name="AXOTI" Type="Fix">+10.058611+034.222222</Point>
    <Point Name="AZAZA" Type="Fix">+17.512778+033.835833</Point>
    <Point Name="BILAL" Type="Fix">+18.678889+033.040833</Point>
    <Point Name="BL211" Type="Fix">+22.578889+031.655000</Point>
    <Point Name="BL212" Type="Fix">+22.546944+031.505278</Point>
    <Point Name="BL213" Type="Fix">+22.474444+031.550278</Point>
    <Point Name="BL214" Type="Fix">+22.387778+031.604444</Point>
    <Point Name="BL216" Type="Fix">+22.263333+031.826944</Point>
    <Point Name="BL217" Type="Fix">+22.205000+031.718056</Point>
    <Point Name="BL218" Type="Fix">+22.277222+031.673056</Point>
    <Point Name="BL219" Type="Fix">+22.364167+031.618889</Point>
    <Point Name="BOGUM" Type="Fix">+20.110000+038.050000</Point>
    <Point Name="BOPID" Type="Fix">+16.663056+033.861111</Point>
    <Point Name="BOROG" Type="Fix">+15.197889+032.556797</Point>
    <Point Name="BOTAR" Type="Fix">+09.575556+029.985556</Point>
    <Point Name="BOTOK" Type="Fix">+10.483056+033.763333</Point>
    <Point Name="BOXIG" Type="Fix">+15.999444+027.435000</Point>
    <Point Name="BUSAT" Type="Fix">+15.317778+032.515000</Point>
    <Point Name="CD05" Type="Fix">+13.489069+025.160075</Point>
    <Point Name="CD13" Type="Fix">+04.983783+031.456969</Point>
    <Point Name="CD16Z" Type="Fix">+19.597514+037.197681</Point>
    <Point Name="CD23" Type="Fix">+13.741539+025.490525</Point>
    <Point Name="CD31" Type="Fix">+04.742214+031.728394</Point>
    <Point Name="CD34Z" Type="Fix">+19.229306+037.280175</Point>
    <Point Name="CF02" Type="Fix">+18.259586+031.761839</Point>
    <Point Name="CF18" Type="Fix">+15.758633+032.551803</Point>
    <Point Name="CF20" Type="Fix">+18.590728+031.909114</Point>
    <Point Name="CF36" Type="Fix">+15.403181+032.554953</Point>
    <Point Name="CI33" Type="Fix">+22.254797+031.687053</Point>
    <Point Name="CI34Y" Type="Fix">+19.229328+037.282083</Point>
    <Point Name="D018I" Type="Fix">+19.542039+037.297792</Point>
    <Point Name="D041U" Type="Fix">+13.851100+025.552878</Point>
    <Point Name="D049U" Type="Fix">+13.814619+025.586419</Point>
    <Point Name="D057U" Type="Fix">+13.773928+025.614428</Point>
    <Point Name="D071Y" Type="Fix">+13.715958+025.710092</Point>
    <Point Name="D092O" Type="Fix">+13.575936+025.558628</Point>
    <Point Name="D092Y" Type="Fix">+13.561147+025.725636</Point>
    <Point Name="D104F" Type="Fix">+22.326028+031.717683</Point>
    <Point Name="D119Y" Type="Fix">+19.178006+037.614281</Point>
    <Point Name="D156U" Type="Fix">+19.073111+037.374147</Point>
    <Point Name="D164U" Type="Fix">+19.058214+037.322214</Point>
    <Point Name="D172U" Type="Fix">+19.051158+037.273919</Point>
    <Point Name="D189Y" Type="Fix">+13.192247+025.214919</Point>
    <Point Name="D197U" Type="Fix">+19.070969+037.115331</Point>
    <Point Name="D221U" Type="Fix">+13.345356+025.053572</Point>
    <Point Name="D227Y" Type="Fix">+19.133650+036.903142</Point>
    <Point Name="D229U" Type="Fix">+13.381767+025.020014</Point>
    <Point Name="D237U" Type="Fix">+13.422394+024.991950</Point>
    <Point Name="D242U" Type="Fix">+19.252378+036.906439</Point>
    <Point Name="D257Y" Type="Fix">+19.328253+036.807761</Point>
    <Point Name="D265Y" Type="Fix">+13.583553+024.878825</Point>
    <Point Name="D324I" Type="Fix">+19.527922+037.156022</Point>
    <Point Name="D324Y" Type="Fix">+19.753156+037.003350</Point>
    <Point Name="D357U" Type="Fix">+13.949886+025.302958</Point>
    <Point Name="DAGAP" Type="Fix">+06.400000+034.200000</Point>
    <Point Name="DANUD" Type="Fix">+17.237500+032.464167</Point>
    <Point Name="DAPEN" Type="Fix">+18.705556+037.544722</Point>
    <Point Name="DARAR" Type="Fix">+13.689000+025.422000</Point>
    <Point Name="DAREV" Type="Fix">+19.723056+033.551667</Point>
    <Point Name="DASAG" Type="Fix">+07.081667+029.820556</Point>
    <Point Name="DASTU" Type="Fix">+07.822500+033.133611</Point>
    <Point Name="DATIM" Type="Fix">+15.475833+030.223056</Point>
    <Point Name="DEBOX" Type="Fix">+14.740000+028.176944</Point>
    <Point Name="DEDVA" Type="Fix">+10.462778+033.526111</Point>
    <Point Name="DEKUM" Type="Fix">+04.628333+029.660000</Point>
    <Point Name="DELAM" Type="Fix">+14.666944+029.112222</Point>
    <Point Name="DEMRA" Type="Fix">+07.214522+031.803831</Point>
    <Point Name="DEMTI" Type="Fix">+09.555000+026.758333</Point>
    <Point Name="DENBU" Type="Fix">+21.024722+038.341944</Point>
    <Point Name="DENDI" Type="Fix">+15.501667+034.278333</Point>
    <Point Name="DENRI" Type="Fix">+13.691000+025.563667</Point>
    <Point Name="DUNGU" Type="Fix">+20.941389+038.266389</Point>
    <Point Name="EGBIM" Type="Fix">+07.487778+031.621111</Point>
    <Point Name="EGLUM" Type="Fix">+13.421500+025.071167</Point>
    <Point Name="EGMAL" Type="Fix">+13.823000+025.458500</Point>
    <Point Name="EGMEG" Type="Fix">+20.858250+038.559917</Point>
    <Point Name="EGMER" Type="Fix">+09.026389+034.404722</Point>
    <Point Name="EGMUX" Type="Fix">+04.200958+034.372753</Point>
    <Point Name="EGNUL" Type="Fix">+04.258814+034.147703</Point>
    <Point Name="EGRAX" Type="Fix">+13.808333+025.578667</Point>
    <Point Name="EGSUM" Type="Fix">+18.957222+027.762500</Point>
    <Point Name="EGTAD" Type="Fix">+14.873611+035.708056</Point>
    <Point Name="EKBUL" Type="Fix">+04.002500+036.083889</Point>
    <Point Name="ELOXO" Type="Fix">+18.640833+025.841944</Point>
    <Point Name="ELUDU" Type="Fix">+14.590278+035.200556</Point>
    <Point Name="ELULA" Type="Fix">+14.548056+033.148056</Point>
    <Point Name="EMAMU" Type="Fix">+19.279444+025.448333</Point>
    <Point Name="EMENO" Type="Fix">+07.276222+032.567789</Point>
    <Point Name="EMITA" Type="Fix">+14.358333+033.745000</Point>
    <Point Name="EMKIS" Type="Fix">+17.319444+025.775278</Point>
    <Point Name="ENABU" Type="Fix">+22.000000+028.143889</Point>
    <Point Name="EPLAS" Type="Fix">+04.000000+034.196700</Point>
    <Point Name="EPSIX" Type="Fix">+06.670556+034.665556</Point>
    <Point Name="EPSUT" Type="Fix">+04.119172+034.644383</Point>
    <Point Name="ESRAD" Type="Fix">+04.282850+034.067783</Point>
    <Point Name="FD05" Type="Fix">+13.540631+025.227458</Point>
    <Point Name="FD13" Type="Fix">+04.933397+031.523658</Point>
    <Point Name="FD15" Type="Fix">+22.478669+031.554131</Point>
    <Point Name="FD16Z" Type="Fix">+19.538606+037.210903</Point>
    <Point Name="FD23" Type="Fix">+13.690050+025.423028</Point>
    <Point Name="FD31" Type="Fix">+04.802458+031.670419</Point>
    <Point Name="FD33Y" Type="Fix">+22.282861+031.680344</Point>
    <Point Name="FD34Z" Type="Fix">+19.302953+037.263706</Point>
    <Point Name="FEREB" Type="Fix">+18.575000+037.971667</Point>
    <Point Name="FF02" Type="Fix">+18.325825+031.791247</Point>
    <Point Name="FF18" Type="Fix">+15.691689+032.552333</Point>
    <Point Name="FF20" Type="Fix">+18.559931+031.895389</Point>
    <Point Name="FF36" Type="Fix">+15.486864+032.554147</Point>
    <Point Name="FI33" Type="Fix">+22.279411+031.671758</Point>
    <Point Name="FI34Y" Type="Fix">+19.302811+037.264831</Point>
    <Point Name="FN09" Type="Fix">+13.855256+020.728475</Point>
    <Point Name="FN27" Type="Fix">+13.845253+020.956225</Point>
    <Point Name="FS05" Type="Fix">+13.539911+025.226517</Point>
    <Point Name="FS16Y" Type="Fix">+19.538008+037.211039</Point>
    <Point Name="FS20Y" Type="Fix">+18.526050+031.880300</Point>
    <Point Name="FS28A" Type="Fix">+13.581775+024.829231</Point>
    <Point Name="FS28B" Type="Fix">+13.144756+025.204644</Point>
    <Point Name="FS28C" Type="Fix">+13.556750+025.775053</Point>
    <Point Name="FS28D" Type="Fix">+13.729667+025.757728</Point>
    <Point Name="FS33Z" Type="Fix">+22.285469+031.678233</Point>
    <Point Name="FS34Y" Type="Fix">+19.313950+037.261244</Point>
    <Point Name="FS364" Type="Fix">+13.639514+025.356961</Point>
    <Point Name="FS365" Type="Fix">+13.539983+025.226428</Point>
    <Point Name="FS366" Type="Fix">+13.488503+025.158983</Point>
    <Point Name="FS367" Type="Fix">+13.422514+025.211592</Point>
    <Point Name="FS368" Type="Fix">+13.554478+025.106350</Point>
    <Point Name="FS369" Type="Fix">+13.412731+025.060408</Point>
    <Point Name="FS374" Type="Fix">+13.581892+025.281364</Point>
    <Point Name="FS376" Type="Fix">+13.689392+025.422436</Point>
    <Point Name="FS377" Type="Fix">+13.740806+025.489986</Point>
    <Point Name="FS378" Type="Fix">+13.783744+025.545892</Point>
    <Point Name="FS379" Type="Fix">+13.674764+025.542578</Point>
    <Point Name="FS380" Type="Fix">+13.806844+025.437378</Point>
    <Point Name="FS390" Type="Fix">+13.664378+025.389572</Point>
    <Point Name="FS391" Type="Fix">+13.365489+025.354403</Point>
    <Point Name="FS393" Type="Fix">+13.439839+025.980356</Point>
    <Point Name="FS394" Type="Fix">+13.342036+025.432158</Point>
    <Point Name="FS395" Type="Fix">+13.484131+024.779364</Point>
    <Point Name="FS400" Type="Fix">+13.565614+025.260022</Point>
    <Point Name="FS401" Type="Fix">+13.557711+025.574594</Point>
    <Point Name="FS405" Type="Fix">+13.746953+025.187897</Point>
    <Point Name="FS406" Type="Fix">+13.399875+025.617814</Point>
    <Point Name="FS666" Type="Fix">+13.798975+024.946964</Point>
    <Point Name="GAGNI" Type="Fix">+13.908333+032.785000</Point>
    <Point Name="GAILY" Type="Fix">+12.508333+027.110833</Point>
    <Point Name="GAMAR" Type="Fix">+15.011667+024.145278</Point>
    <Point Name="GENEI" Type="Fix">+13.483056+022.463333</Point>
    <Point Name="GEPIT" Type="Fix">+19.956667+037.778333</Point>
    <Point Name="GERAP" Type="Fix">+14.842500+033.270278</Point>
    <Point Name="GERAS" Type="Fix">+18.514722+032.345556</Point>
    <Point Name="GERIG" Type="Fix">+13.830228+036.881125</Point>
    <Point Name="GIBAP" Type="Fix">+21.371667+038.158333</Point>
    <Point Name="GIBOT" Type="Fix">+13.407000+025.191167</Point>
    <Point Name="GIDAX" Type="Fix">+15.357222+035.518611</Point>
    <Point Name="GIDUD" Type="Fix">+05.575525+033.117625</Point>
    <Point Name="GINKA" Type="Fix">+12.783611+025.141944</Point>
    <Point Name="GINPU" Type="Fix">+10.341944+031.343333</Point>
    <Point Name="GIPSA" Type="Fix">+15.104444+025.662778</Point>
    <Point Name="GOPDA" Type="Fix">+16.187500+032.859722</Point>
    <Point Name="HAMID" Type="Fix">+14.066667+025.673056</Point>
    <Point Name="HASAN" Type="Fix">+13.024722+026.970278</Point>
    <Point Name="ILBIB" Type="Fix">+12.545000+022.450000</Point>
    <Point Name="IMDUR" Type="Fix">+07.687222+032.518611</Point>
    <Point Name="IMKOL" Type="Fix">+07.239700+032.192378</Point>
    <Point Name="IMLOK" Type="Fix">+13.567781+024.448050</Point>
    <Point Name="IMPAX" Type="Fix">+17.334444+034.673889</Point>
    <Point Name="IMREG" Type="Fix">+22.595833+031.697500</Point>
    <Point Name="IMSUT" Type="Fix">+14.346667+031.375000</Point>
    <Point Name="IPOLI" Type="Fix">+03.460000+029.576667</Point>
    <Point Name="IPONO" Type="Fix">+15.105833+022.410000</Point>
    <Point Name="IRAGA" Type="Fix">+09.543611+022.338611</Point>
    <Point Name="ITGAL" Type="Fix">+12.869167+028.212222</Point>
    <Point Name="ITNOL" Type="Fix">+15.636500+032.552667</Point>
    <Point Name="ITOMO" Type="Fix">+10.359167+032.352222</Point>
    <Point Name="ITOXA" Type="Fix">+10.400278+031.652222</Point>
    <Point Name="IVOSA" Type="Fix">+13.834811+026.124350</Point>
    <Point Name="JD36F" Type="Fix">+21.447333+038.545006</Point>
    <Point Name="JEBRA" Type="Fix">+12.922222+029.230278</Point>
    <Point Name="JJ503" Type="Fix">+04.949083+031.510214</Point>
    <Point Name="JJ505" Type="Fix">+05.003133+031.446439</Point>
    <Point Name="JJ507" Type="Fix">+05.079883+031.511119</Point>
    <Point Name="JJ509" Type="Fix">+04.926378+031.381775</Point>
    <Point Name="JJ511" Type="Fix">+05.244156+031.400925</Point>
    <Point Name="JJ513" Type="Fix">+05.698942+031.445406</Point>
    <Point Name="JJ519" Type="Fix">+06.549197+031.528761</Point>
    <Point Name="JJ521" Type="Fix">+05.276094+031.476753</Point>
    <Point Name="JJ523" Type="Fix">+05.710889+031.663856</Point>
    <Point Name="JJ525" Type="Fix">+07.234964+031.596200</Point>
    <Point Name="JJ529" Type="Fix">+06.500867+032.004614</Point>
    <Point Name="JJ531" Type="Fix">+05.224689+031.830856</Point>
    <Point Name="JJ533" Type="Fix">+05.410756+032.242442</Point>
    <Point Name="JJ535" Type="Fix">+07.359128+032.376167</Point>
    <Point Name="JJ537" Type="Fix">+05.555656+032.563578</Point>
    <Point Name="JJ539" Type="Fix">+05.760522+033.018539</Point>
    <Point Name="JJ543" Type="Fix">+04.755783+032.320639</Point>
    <Point Name="JJ547" Type="Fix">+04.600844+032.706519</Point>
    <Point Name="JJ549" Type="Fix">+04.402042+033.200642</Point>
    <Point Name="JJ551" Type="Fix">+04.656606+031.415511</Point>
    <Point Name="JJ553" Type="Fix">+04.493900+031.649356</Point>
    <Point Name="JJ555" Type="Fix">+04.349322+031.856967</Point>
    <Point Name="JJ557" Type="Fix">+04.178211+032.102472</Point>
    <Point Name="JJ581" Type="Fix">+04.952747+031.283747</Point>
    <Point Name="JJ583" Type="Fix">+04.499000+030.854497</Point>
    <Point Name="JJ587" Type="Fix">+04.425517+030.785058</Point>
    <Point Name="JJ589" Type="Fix">+04.221856+030.592706</Point>
    <Point Name="JJ604" Type="Fix">+04.798878+031.687342</Point>
    <Point Name="JJ606" Type="Fix">+04.744806+031.751078</Point>
    <Point Name="JJ608" Type="Fix">+04.668078+031.686403</Point>
    <Point Name="JJ610" Type="Fix">+04.821525+031.815767</Point>
    <Point Name="JJ612" Type="Fix">+05.251456+031.784506</Point>
    <Point Name="JJ614" Type="Fix">+05.685078+031.752931</Point>
    <Point Name="JJ616" Type="Fix">+06.159433+031.718336</Point>
    <Point Name="JJ618" Type="Fix">+06.548269+031.689931</Point>
    <Point Name="JJ622" Type="Fix">+05.166853+031.900067</Point>
    <Point Name="JJ624" Type="Fix">+05.662517+032.021231</Point>
    <Point Name="JJ626" Type="Fix">+06.124453+032.134344</Point>
    <Point Name="JJ628" Type="Fix">+06.434961+032.210492</Point>
    <Point Name="JJ632" Type="Fix">+04.959375+032.008836</Point>
    <Point Name="JJ634" Type="Fix">+05.212847+032.364258</Point>
    <Point Name="JJ636" Type="Fix">+05.488219+032.751039</Point>
    <Point Name="JJ638" Type="Fix">+05.702689+033.052769</Point>
    <Point Name="JJ642" Type="Fix">+04.651219+031.951872</Point>
    <Point Name="JJ644" Type="Fix">+04.533064+032.361194</Point>
    <Point Name="JJ646" Type="Fix">+04.334675+033.046375</Point>
    <Point Name="JJ648" Type="Fix">+04.299719+033.166842</Point>
    <Point Name="JJ652" Type="Fix">+04.408094+032.793103</Point>
    <Point Name="JJ654" Type="Fix">+04.153850+032.720022</Point>
    <Point Name="JJ656" Type="Fix">+04.078631+032.543439</Point>
    <Point Name="JJ688" Type="Fix">+04.316214+030.979094</Point>
    <Point Name="JJ698" Type="Fix">+07.189750+032.396000</Point>
    <Point Name="JJ700" Type="Fix">+04.791192+031.696403</Point>
    <Point Name="JJ701" Type="Fix">+04.496414+032.405281</Point>
    <Point Name="JJ703" Type="Fix">+04.804506+032.608369</Point>
    <Point Name="JJ705" Type="Fix">+05.427244+032.787972</Point>
    <Point Name="JJ707" Type="Fix">+05.803508+032.743289</Point>
    <Point Name="JJ709" Type="Fix">+06.360775+032.373025</Point>
    <Point Name="JJ719" Type="Fix">+06.133056+032.704108</Point>
    <Point Name="JJ740" Type="Fix">+04.207375+033.129889</Point>
    <Point Name="JJ750" Type="Fix">+04.337494+032.238847</Point>
    <Point Name="JJ759" Type="Fix">+04.446181+032.109008</Point>
    <Point Name="JJ760" Type="Fix">+04.137283+031.895031</Point>
    <Point Name="JJ767" Type="Fix">+04.609311+031.914006</Point>
    <Point Name="JJ769" Type="Fix">+04.281808+031.687578</Point>
    <Point Name="JJ770" Type="Fix">+04.114106+031.426103</Point>
    <Point Name="JJ780" Type="Fix">+04.078103+030.743722</Point>
    <Point Name="JJ800" Type="Fix">+04.919067+031.545622</Point>
    <Point Name="JJ802" Type="Fix">+04.960336+031.496939</Point>
    <Point Name="JJ804" Type="Fix">+05.859972+031.487517</Point>
    <Point Name="JJ806" Type="Fix">+06.263175+031.483283</Point>
    <Point Name="JJ810" Type="Fix">+06.546428+031.480306</Point>
    <Point Name="JJ828" Type="Fix">+05.878350+032.258242</Point>
    <Point Name="JJ832" Type="Fix">+04.869511+031.420417</Point>
    <Point Name="JJ834" Type="Fix">+04.593350+031.493075</Point>
    <Point Name="JJ836" Type="Fix">+04.458017+031.624378</Point>
    <Point Name="JJ838" Type="Fix">+04.126050+032.914108</Point>
    <Point Name="JJ850" Type="Fix">+04.103333+032.139614</Point>
    <Point Name="JJ860" Type="Fix">+04.253169+031.822994</Point>
    <Point Name="JJ868" Type="Fix">+04.364647+031.553203</Point>
    <Point Name="JJ870" Type="Fix">+04.154639+031.377575</Point>
    <Point Name="JJ880" Type="Fix">+04.489100+030.859558</Point>
    <Point Name="JJ941" Type="Fix">+05.001942+031.706525</Point>
    <Point Name="JJ962" Type="Fix">+04.832786+031.563925</Point>
    <Point Name="JJ963" Type="Fix">+04.459581+031.249653</Point>
    <Point Name="JJ967" Type="Fix">+04.118161+031.658608</Point>
    <Point Name="JJ975" Type="Fix">+04.150086+030.989358</Point>
    <Point Name="JJ977" Type="Fix">+04.085825+031.100269</Point>
    <Point Name="JN278" Type="Fix">+21.332694+038.603111</Point>
    <Point Name="JN279" Type="Fix">+21.274167+038.553333</Point>
    <Point Name="JN371" Type="Fix">+21.015000+038.662778</Point>
    <Point Name="JN733" Type="Fix">+21.391722+038.493361</Point>
    <Point Name="JN910" Type="Fix">+20.959444+038.626389</Point>
    <Point Name="JN934" Type="Fix">+22.108056+038.374444</Point>
    <Point Name="JN936" Type="Fix">+22.009167+038.393056</Point>
    <Point Name="JN937" Type="Fix">+21.917222+038.436667</Point>
    <Point Name="KABLA" Type="Fix">+04.000000+032.358486</Point>
    <Point Name="KAFIA" Type="Fix">+08.733333+023.516667</Point>
    <Point Name="KAPIB" Type="Fix">+10.821389+025.866667</Point>
    <Point Name="KAREP" Type="Fix">+15.310556+031.552222</Point>
    <Point Name="KAROX" Type="Fix">+20.954722+038.263056</Point>
    <Point Name="KASAB" Type="Fix">+13.729444+030.709167</Point>
    <Point Name="KATIV" Type="Fix">+05.893439+032.927047</Point>
    <Point Name="KEKAV" Type="Fix">+09.795000+022.244722</Point>
    <Point Name="KINOV" Type="Fix">+09.570556+030.196944</Point>
    <Point Name="KISAL" Type="Fix">+10.303069+023.423961</Point>
    <Point Name="KISOV" Type="Fix">+10.165278+031.066389</Point>
    <Point Name="KITEK" Type="Fix">+07.921853+025.115231</Point>
    <Point Name="KITOB" Type="Fix">+15.362122+022.979367</Point>
    <Point Name="KOBLA" Type="Fix">+13.800000+020.700000</Point>
    <Point Name="KUNDI" Type="Fix">+08.655556+031.638611</Point>
    <Point Name="KUPAP" Type="Fix">+13.799075+024.947094</Point>
    <Point Name="KURAM" Type="Fix">+11.034419+022.937125</Point>
    <Point Name="KURTI" Type="Fix">+18.665000+031.375000</Point>
    <Point Name="KUVTI" Type="Fix">+16.531111+032.840278</Point>
    <Point Name="LABUP" Type="Fix">+15.492333+032.554000</Point>
    <Point Name="LADEN" Type="Fix">+18.895000+038.085000</Point>
    <Point Name="LADRI" Type="Fix">+12.702375+029.581483</Point>
    <Point Name="LADVA" Type="Fix">+04.106364+033.081900</Point>
    <Point Name="LAMAB" Type="Fix">+18.433611+029.096667</Point>
    <Point Name="LOPON" Type="Fix">+10.101667+024.060556</Point>
    <Point Name="LOROG" Type="Fix">+09.597500+029.913333</Point>
    <Point Name="LOVAB" Type="Fix">+10.029722+024.974444</Point>
    <Point Name="LUGAV" Type="Fix">+22.701389+031.622778</Point>
    <Point Name="MAHDI" Type="Fix">+20.433333+037.655000</Point>
    <Point Name="MD16Z" Type="Fix">+19.450236+037.230722</Point>
    <Point Name="MD31" Type="Fix">+04.861742+031.613475</Point>
    <Point Name="MEMBU" Type="Fix">+13.418889+029.962614</Point>
    <Point Name="MIPOL" Type="Fix">+20.556111+038.362500</Point>
    <Point Name="MISAL" Type="Fix">+16.048686+032.696492</Point>
    <Point Name="ML02" Type="Fix">+18.421289+031.833628</Point>
    <Point Name="ML36" Type="Fix">+15.565525+032.553389</Point>
    <Point Name="MN401" Type="Fix">+18.472503+031.856953</Point>
    <Point Name="MN402" Type="Fix">+18.326292+031.790803</Point>
    <Point Name="MN403" Type="Fix">+18.409744+031.683764</Point>
    <Point Name="MN404" Type="Fix">+18.280206+031.769975</Point>
    <Point Name="MN406" Type="Fix">+18.211069+031.738758</Point>
    <Point Name="MN408" Type="Fix">+18.177917+031.819125</Point>
    <Point Name="MN410" Type="Fix">+18.244189+031.658361</Point>
    <Point Name="MN412" Type="Fix">+18.423997+031.617186</Point>
    <Point Name="MN414" Type="Fix">+18.243222+031.920864</Point>
    <Point Name="MN500" Type="Fix">+18.575067+031.788753</Point>
    <Point Name="MN502" Type="Fix">+18.559828+031.896519</Point>
    <Point Name="MN504" Type="Fix">+18.627397+031.927167</Point>
    <Point Name="MN506" Type="Fix">+18.667233+031.830492</Point>
    <Point Name="MN508" Type="Fix">+18.587519+032.023794</Point>
    <Point Name="MN510" Type="Fix">+18.547592+032.120375</Point>
    <Point Name="MN600" Type="Fix">+18.505714+031.871994</Point>
    <Point Name="MN601" Type="Fix">+18.195897+032.015947</Point>
    <Point Name="MN700" Type="Fix">+18.382844+031.816347</Point>
    <Point Name="MN702" Type="Fix">+18.393881+032.018486</Point>
    <Point Name="MN704" Type="Fix">+18.462914+032.204856</Point>
    <Point Name="MOGIP" Type="Fix">+04.690725+031.814803</Point>
    <Point Name="MONAN" Type="Fix">+09.555000+023.666667</Point>
    <Point Name="MUVOL" Type="Fix">+22.296806+038.247861</Point>
    <Point Name="NABUS" Type="Fix">+11.000833+029.986111</Point>
    <Point Name="NABUT" Type="Fix">+18.998889+037.911667</Point>
    <Point Name="NAGRU" Type="Fix">+12.411644+030.511086</Point>
    <Point Name="NUBAR" Type="Fix">+22.000000+031.635000</Point>
    <Point Name="ORKAL" Type="Fix">+18.915000+031.804167</Point>
    <Point Name="ORNAG" Type="Fix">+19.522208+037.636086</Point>
    <Point Name="ORSAK" Type="Fix">+12.812861+030.183725</Point>
    <Point Name="OTAPO" Type="Fix">+22.595278+031.543889</Point>
    <Point Name="OVELA" Type="Fix">+04.000000+031.248333</Point>
    <Point Name="PASAB" Type="Fix">+18.764722+031.643333</Point>
    <Point Name="PASEM" Type="Fix">+13.728692+029.785611</Point>
    <Point Name="PASIL" Type="Fix">+16.225278+033.336111</Point>
    <Point Name="PATIT" Type="Fix">+19.656833+037.181500</Point>
    <Point Name="PEBOR" Type="Fix">+09.960556+030.910278</Point>
    <Point Name="PEDOS" Type="Fix">+09.671667+029.120833</Point>
    <Point Name="PEKAB" Type="Fix">+20.034444+036.811944</Point>
    <Point Name="PN400" Type="Fix">+19.379331+037.246844</Point>
    <Point Name="PN402" Type="Fix">+19.537736+037.209564</Point>
    <Point Name="PN404" Type="Fix">+19.619372+037.190317</Point>
    <Point Name="PN405" Type="Fix">+19.601103+037.104175</Point>
    <Point Name="PN406" Type="Fix">+19.637600+037.276478</Point>
    <Point Name="PN407" Type="Fix">+19.531219+037.055672</Point>
    <Point Name="PN409" Type="Fix">+19.391411+036.958797</Point>
    <Point Name="PN410" Type="Fix">+19.809486+037.017350</Point>
    <Point Name="PN411" Type="Fix">+19.341311+036.753953</Point>
    <Point Name="PN412" Type="Fix">+19.503347+037.381797</Point>
    <Point Name="PN413" Type="Fix">+19.223567+036.842764</Point>
    <Point Name="PN502" Type="Fix">+19.303853+037.264592</Point>
    <Point Name="PN504" Type="Fix">+19.205878+037.287597</Point>
    <Point Name="PN508" Type="Fix">+19.125383+037.396642</Point>
    <Point Name="PN510" Type="Fix">+19.089000+037.224847</Point>
    <Point Name="PN512" Type="Fix">+19.506492+037.043167</Point>
    <Point Name="PN514" Type="Fix">+19.140531+037.007872</Point>
    <Point Name="PN515" Type="Fix">+19.192986+036.785742</Point>
    <Point Name="PN516" Type="Fix">+19.055322+037.106872</Point>
    <Point Name="PN518" Type="Fix">+19.021569+036.988947</Point>
    <Point Name="PN528" Type="Fix">+19.480903+037.442328</Point>
    <Point Name="PN580" Type="Fix">+19.471583+037.225144</Point>
    <Point Name="PN585" Type="Fix">+19.390469+037.353294</Point>
    <Point Name="PN586" Type="Fix">+19.287878+037.370072</Point>
    <Point Name="PN702" Type="Fix">+19.499750+037.218511</Point>
    <Point Name="PN704" Type="Fix">+19.621386+037.128917</Point>
    <Point Name="PN710" Type="Fix">+19.605331+037.323378</Point>
    <Point Name="PN720" Type="Fix">+19.411583+037.398919</Point>
    <Point Name="PN740" Type="Fix">+19.230011+037.024906</Point>
    <Point Name="PN750" Type="Fix">+19.342986+036.894517</Point>
    <Point Name="PN770" Type="Fix">+19.153056+037.655556</Point>
    <Point Name="PN802" Type="Fix">+19.329933+037.258464</Point>
    <Point Name="PN804" Type="Fix">+19.635950+037.467892</Point>
    <Point Name="PN810" Type="Fix">+19.266100+037.402094</Point>
    <Point Name="PN824" Type="Fix">+18.917025+037.421692</Point>
    <Point Name="PN826" Type="Fix">+19.094133+037.524489</Point>
    <Point Name="PN830" Type="Fix">+19.169033+036.947839</Point>
    <Point Name="PN840" Type="Fix">+19.328994+036.812217</Point>
    <Point Name="PN850" Type="Fix">+19.606347+036.924969</Point>
    <Point Name="POLPU" Type="Fix">+11.278067+021.666797</Point>
    <Point Name="PSD28" Type="Fix">+18.943922+037.348961</Point>
    <Point Name="PSD29" Type="Fix">+19.090786+036.849072</Point>
    <Point Name="PSD33" Type="Fix">+19.106431+037.733286</Point>
    <Point Name="PSD35" Type="Fix">+18.867931+037.474236</Point>
    <Point Name="PSD37" Type="Fix">+18.859467+037.556967</Point>
    <Point Name="PURAG" Type="Fix">+19.269167+036.460833</Point>
    <Point Name="RABAK" Type="Fix">+13.019444+032.165833</Point>
    <Point Name="RADAG" Type="Fix">+11.061111+027.005556</Point>
    <Point Name="RADKA" Type="Fix">+14.835000+031.844444</Point>
    <Point Name="RADSI" Type="Fix">+19.107211+037.310736</Point>
    <Point Name="RAGEN" Type="Fix">+18.790000+028.190000</Point>
    <Point Name="RAGSI" Type="Fix">+18.923889+031.463056</Point>
    <Point Name="RAKDO" Type="Fix">+19.667500+037.179000</Point>
    <Point Name="RAKTA" Type="Fix">+19.085000+035.399444</Point>
    <Point Name="RAMGI" Type="Fix">+12.779678+025.125786</Point>
    <Point Name="RAMKO" Type="Fix">+10.410833+030.657222</Point>
    <Point Name="RANPU" Type="Fix">+13.783844+025.546022</Point>
    <Point Name="RATUS" Type="Fix">+05.780556+025.533611</Point>
    <Point Name="ROTAP" Type="Fix">+17.967778+032.071667</Point>
    <Point Name="ROXIG" Type="Fix">+19.341000+037.255833</Point>
    <Point Name="SAGBU" Type="Fix">+04.000000+030.383333</Point>
    <Point Name="SENKA" Type="Fix">+18.919167+036.633056</Point>
    <Point Name="SIGNO" Type="Fix">+09.787778+027.841944</Point>
    <Point Name="SISID" Type="Fix">+22.000000+032.490833</Point>
    <Point Name="SISOR" Type="Fix">+12.761944+031.649722</Point>
    <Point Name="SITIK" Type="Fix">+09.498889+031.135833</Point>
    <Point Name="SIVIL" Type="Fix">+14.571111+032.692778</Point>
    <Point Name="SO111" Type="Fix">+09.950750+034.332194</Point>
    <Point Name="SO112" Type="Fix">+10.254528+034.474389</Point>
    <Point Name="SO113" Type="Fix">+10.102639+034.403250</Point>
    <Point Name="SO114" Type="Fix">+10.074500+034.464583</Point>
    <Point Name="SO115" Type="Fix">+10.060417+034.495222</Point>
    <Point Name="SO117" Type="Fix">+09.866139+034.516000</Point>
    <Point Name="SO118" Type="Fix">+10.169944+034.658389</Point>
    <Point Name="SO222" Type="Fix">+09.879028+034.889556</Point>
    <Point Name="SO223" Type="Fix">+09.938222+034.760889</Point>
    <Point Name="SO224" Type="Fix">+10.065806+034.820583</Point>
    <Point Name="SO225" Type="Fix">+09.810639+034.701222</Point>
    <Point Name="SO226" Type="Fix">+09.966444+034.699611</Point>
    <Point Name="SO227" Type="Fix">+09.980528+034.668972</Point>
    <Point Name="SO228" Type="Fix">+10.010194+034.604444</Point>
    <Point Name="SOBIT" Type="Fix">+19.314000+037.262167</Point>
    <Point Name="SODAB" Type="Fix">+14.572778+032.401111</Point>
    <Point Name="SODIL" Type="Fix">+10.900278+033.701111</Point>
    <Point Name="SODIS" Type="Fix">+22.562500+031.773611</Point>
    <Point Name="SOGAD" Type="Fix">+17.234444+032.690278</Point>
    <Point Name="SOGEX" Type="Fix">+15.538806+033.139711</Point>
    <Point Name="SOGIN" Type="Fix">+17.195833+027.200000</Point>
    <Point Name="SOGUD" Type="Fix">+13.090394+030.994694</Point>
    <Point Name="SOLEV" Type="Fix">+18.822778+031.525556</Point>
    <Point Name="SOLIX" Type="Fix">+04.795678+031.207708</Point>
    <Point Name="SOMAK" Type="Fix">+19.050278+031.788056</Point>
    <Point Name="SOPOG" Type="Fix">+06.020914+025.264867</Point>
    <Point Name="SS402" Type="Fix">+15.691603+032.552214</Point>
    <Point Name="SS404" Type="Fix">+15.758547+032.551592</Point>
    <Point Name="SS406" Type="Fix">+15.833900+032.589178</Point>
    <Point Name="SS408" Type="Fix">+15.976022+032.816861</Point>
    <Point Name="SS412" Type="Fix">+15.692908+032.787689</Point>
    <Point Name="SS414" Type="Fix">+15.479731+032.765781</Point>
    <Point Name="SS416" Type="Fix">+15.092789+032.726125</Point>
    <Point Name="SS430" Type="Fix">+15.540047+032.553625</Point>
    <Point Name="SS450" Type="Fix">+15.566092+032.553378</Point>
    <Point Name="SS502" Type="Fix">+15.487167+032.554122</Point>
    <Point Name="SS504" Type="Fix">+15.403486+032.554903</Point>
    <Point Name="SS508" Type="Fix">+15.198778+032.660208</Point>
    <Point Name="SS510" Type="Fix">+15.397525+032.879747</Point>
    <Point Name="SS512" Type="Fix">+15.637631+032.879747</Point>
    <Point Name="SS514" Type="Fix">+15.841817+032.879747</Point>
    <Point Name="SS516" Type="Fix">+15.543508+033.041425</Point>
    <Point Name="SS518" Type="Fix">+15.196956+032.453389</Point>
    <Point Name="SS530" Type="Fix">+15.639647+032.552697</Point>
    <Point Name="SS602" Type="Fix">+15.523675+032.553775</Point>
    <Point Name="SS604" Type="Fix">+15.452456+032.216486</Point>
    <Point Name="SS606" Type="Fix">+15.382564+032.407864</Point>
    <Point Name="SS608" Type="Fix">+15.088261+032.557856</Point>
    <Point Name="SS610" Type="Fix">+15.384261+032.700994</Point>
    <Point Name="SS612" Type="Fix">+15.522592+032.784539</Point>
    <Point Name="SS614" Type="Fix">+15.653303+032.886767</Point>
    <Point Name="SS618" Type="Fix">+15.246192+032.846500</Point>
    <Point Name="SS620" Type="Fix">+15.190211+033.401600</Point>
    <Point Name="SS624" Type="Fix">+15.521800+032.927814</Point>
    <Point Name="SS626" Type="Fix">+15.890389+033.072619</Point>
    <Point Name="SS628" Type="Fix">+16.334186+033.120714</Point>
    <Point Name="SS702" Type="Fix">+15.665392+032.552464</Point>
    <Point Name="SS704" Type="Fix">+15.962606+032.649561</Point>
    <Point Name="SS706" Type="Fix">+15.704789+032.767172</Point>
    <Point Name="SS708" Type="Fix">+15.704700+032.948761</Point>
    <Point Name="SS710" Type="Fix">+15.704592+033.043614</Point>
    <Point Name="SS712" Type="Fix">+15.392428+032.726097</Point>
    <Point Name="SS714" Type="Fix">+15.175392+032.941356</Point>
    <Point Name="SS716" Type="Fix">+14.818003+032.794158</Point>
    <Point Name="SS718" Type="Fix">+15.376219+032.368575</Point>
    <Point Name="SS720" Type="Fix">+15.500081+032.292819</Point>
    <Point Name="SUVRI" Type="Fix">+13.910000+032.300000</Point>
    <Point Name="TABKO" Type="Fix">+15.516944+033.588056</Point>
    <Point Name="TAPOS" Type="Fix">+05.902222+033.333889</Point>
    <Point Name="TARNU" Type="Fix">+10.516111+026.179167</Point>
    <Point Name="TATGU" Type="Fix">+13.412722+025.060417</Point>
    <Point Name="TAVNA" Type="Fix">+17.802222+028.660556</Point>
    <Point Name="TESON" Type="Fix">+15.348333+037.178333</Point>
    <Point Name="TEVEN" Type="Fix">+04.176911+034.452653</Point>
    <Point Name="TEXIN" Type="Fix">+04.167358+034.120417</Point>
    <Point Name="TIKAT" Type="Fix">+12.405000+035.636667</Point>
    <Point Name="TIPEM" Type="Fix">+14.484306+020.801122</Point>
    <Point Name="TOKAR" Type="Fix">+18.106667+037.803333</Point>
    <Point Name="TOMRU" Type="Fix">+20.736389+036.330556</Point>
    <Point Name="TONGU" Type="Fix">+13.192786+029.462283</Point>
    <Point Name="TONTU" Type="Fix">+22.579444+028.720278</Point>
    <Point Name="TOVIL" Type="Fix">+17.932500+030.744167</Point>
    <Point Name="TUKEN" Type="Fix">+03.996967+036.517528</Point>
    <Point Name="TUKLA" Type="Fix">+05.057178+031.382656</Point>
    <Point Name="TUKOL" Type="Fix">+13.661642+030.751800</Point>
    <Point Name="UMIDA" Type="Fix">+18.854167+031.284444</Point>
    <Point Name="USUBA" Type="Fix">+09.316389+034.353611</Point>
    <Point Name="USUKA" Type="Fix">+04.466022+033.985278</Point>
    <Point Name="UTOLI" Type="Fix">+05.039167+035.243889</Point>
    <Point Name="VATEN" Type="Fix">+15.566111+032.553333</Point>
    <Point Name="XALAS" Type="Fix">+04.229961+034.243603</Point>
    <Point Name="XOVAN" Type="Fix">+04.126764+034.586269</Point>
    <Point Name="XULAK" Type="Fix">+12.175000+021.347500</Point>
    <Point Name="ZENUB" Type="Fix">+09.685000+028.978056</Point>

    <!--Navaids-->

    <Point Frequency="350.000" Name="AB" NavaidType="NDB" Type="Navaid">+13.845278+020.845556</Point>
    <Point Frequency="114.500" Name="AE" NavaidType="VOR" Type="Navaid">+13.846633+020.863050</Point>
    <Point Frequency="112.300" Name="DOG" NavaidType="VOR" Type="Navaid">+19.182569+030.427283</Point>
    <Point Frequency="115.000" Name="FSR" NavaidType="VOR" Type="Navaid">+13.598358+025.302961</Point>
    <Point Frequency="116.300" Name="GNA" NavaidType="VOR" Type="Navaid">+13.473442+022.535361</Point>
    <Point Frequency="113.100" Name="JUB" NavaidType="VOR" Type="Navaid">+04.875953+031.599675</Point>
    <Point Frequency="115.400" Name="KNA" NavaidType="VOR" Type="Navaid">+13.027978+032.906442</Point>
    <Point Frequency="114.800" Name="KSL" NavaidType="VOR" Type="Navaid">+15.407639+036.337222</Point>
    <Point Frequency="112.100" Name="KTM" NavaidType="VOR" Type="Navaid">+15.566092+032.553378</Point>
    <Point Frequency="112.700" Name="MLK" NavaidType="VOR" Type="Navaid">+09.563167+031.653169</Point>
    <Point Frequency="116.000" Name="MRW" NavaidType="VOR" Type="Navaid">+18.413558+031.830264</Point>
    <Point Frequency="116.300" Name="NYL" NavaidType="VOR" Type="Navaid">+12.071786+024.972536</Point>
    <Point Frequency="115.800" Name="OBD" NavaidType="VOR" Type="Navaid">+13.111258+030.226458</Point>
    <Point Frequency="113.100" Name="PSD" NavaidType="VOR" Type="Navaid">+19.401144+037.241725</Point>
    <Point Frequency="113.500" Name="SML" NavaidType="VOR" Type="Navaid">+22.355000+031.621944</Point>
  </Intersections>

  <!-- Airways (need to be reviewed) -->

  <Airways>
    <Airway Name="A410">VATEN/RADKA/IMSUT/OBD VOR/RADAG/ALMAM/KAFIA</Airway>
    <Airway Name="A451">TOKAR</Airway>
    <Airway Name="A727">SML VOR/NUBAR/SOMAK/MRW VOR/ALPOX/GOPDA/GAGNI/KNA
      VOR/AVONO/EPSIX/AMATO/ANTAX</Airway>
    <Airway Name="B21">ORNAT</Airway>
    <Airway Name="B407">PSD VOR/MAHDI/KAROX/DENBU</Airway>
    <Airway Name="B413">LADEN</Airway>
    <Airway Name="B526">SS450/KTM VOR/DENDI/KSL VOR/TESON</Airway>
    <Airway Name="B527">OVELA/JUB VOR/MLK VOR/RABAK/SUVRI/SS450/KTM VOR</Airway>
    <Airway Name="B535">EPSIX/DAGAP/TAPOS/JUB VOR/SAGBU/IPOLI</Airway>
    <Airway Name="B736">AVONO/USUBA</Airway>
    <Airway Name="G300">TIKAT</Airway>
    <Airway Name="G656">JUB VOR/ATUGA</Airway>
    <Airway Name="G660">ARBEG/GNA VOR/FSR VOR/OBD VOR/IMSUT/SS450/KTM VOR/BOPID/PSD
      VOR/BOGUM/MIPOL/EGMEG</Airway>
    <Airway Name="L311">KAFIA/ALMAM/RADAG/OBD VOR/IMSUT/RADKA/VATEN/PASIL/MAHDI/KAROX</Airway>
    <Airway Name="L317">KAFIA/LOVAB/KAPIB/ITGAL/ASNON/AZAZA/MAHDI</Airway>
    <Airway Name="L320">KISAL/HASAN/DELAM/DATIM/SOGAD/RAKTA/KAROX</Airway>
    <Airway Name="L321">SML VOR/LUGAV</Airway>
    <Airway Name="L323">ASKOL/ELOXO/ENABU/TONTU</Airway>
    <Airway Name="L427">GNA VOR/GIPSA/BOXIG/ASRAV/BILAL/KAROX</Airway>
    <Airway Name="L432">EKBUL</Airway>
    <Airway Name="L554">JUB VOR/EGBIM/KUNDI/MLK VOR/ITOXA/SISOR/PASAB/NUBAR</Airway>
    <Airway Name="L558">ASKON/DASAG/EGBIM/IMDUR/DASTU</Airway>
    <Airway Name="L561">ASKON/ZENUB/NABUS/SUVRI/MAHDI</Airway>
    <Airway Name="L567">OVELA/JUB VOR/IMDUR</Airway>
    <Airway Name="L613">SML VOR</Airway>
    <Airway Name="M220">AVAGI/UTOLI/EGMER/USUBA/AXOTI</Airway>
    <Airway Name="M320">IMDUR/BOTOK/EGTAD/MIPOL</Airway>
    <Airway Name="M554">TOKAR/MIPOL</Airway>
    <Airway Name="M562">VATEN/PASIL/BOPID/IMPAX/PSD VOR/BOGUM/MIPOL</Airway>
    <Airway Name="M565">LUGAV/SISID/DAREV/IMPAX/GIDAX/EGTAD/ALRAP</Airway>
    <Airway Name="M568">DEKUM/KINOV/KASAB/ASNON/UMIDA/NUBAR</Airway>
    <Airway Name="M713">OBD VOR/GINPU/MLK VOR/IMDUR/TAPOS/EPLAS</Airway>
    <Airway Name="M723">ORNAT/EGSUM/RAGEN/LAMAB/ALPOX/KUVTI</Airway>
    <Airway Name="M863">KITOB/ASKOL/SOGIN/TAVNA/UMIDA/RAGSI/SOMAK/DAREV/TOMRU/GIBAP</Airway>
    <Airway Name="M999">MUVOL</Airway>
    <Airway Name="N301">TIKAT</Airway>
    <Airway Name="N311">ASKON/SIGNO/JEBRA/DATIM/TOVIL/NUBAR</Airway>
    <Airway Name="N314">ATMUL/UMIDA/KUVTI/TIKAT</Airway>
    <Airway Name="N320">KISAL/GINKA/BOXIG/TAVNA/LAMAB/NUBAR</Airway>
    <Airway Name="N321">NUBAR/BILAL/BOPID/68KTM/TIKAT</Airway>
    <Airway Name="N558">DEKUM/LOROG/NABUS/DATIM/ASRAV</Airway>
    <Airway Name="N568">ATMUL/TOVIL/SUVRI/DEDVA/AVONO</Airway>
    <Airway Name="N574">ATMUL/ASRAV/KASAB/KISOV/SITIK/JUB VOR</Airway>
    <Airway Name="N720">PSD VOR/FEREB</Airway>
    <Airway Name="P309">NUBAR/SOGAD/KUVTI/ELULA/SODIL/BOTOK/AVONO</Airway>
    <Airway Name="P313">IPONO/GAMAR/DEBOX/DELAM/ASNON/KAREP/VATEN</Airway>
    <Airway Name="P315">NUBAR/SOMAK/MRW VOR/ITOMO/IMDUR</Airway>
    <Airway Name="P318">JUB VOR/KABLA</Airway>
    <Airway Name="P322">MONAN/ALMAM/DEMTI/SITIK/AVONO</Airway>
    <Airway Name="P324">GNA VOR/HAMID/DELAM</Airway>
    <Airway Name="P556">ASKON/PEDOS/SISOR/ELULA/BOGUM</Airway>
    <Airway Name="P557">NUBAR/ALKED</Airway>
    <Airway Name="P562">KISAL/GAILY/VATEN</Airway>
    <Airway Name="P565">KAFIA/LOPON/GINKA/HAMID/EGSUM/ATMUL</Airway>
    <Airway Name="P566">ILBIB/FSR VOR/DELAM/ASNON/KAREP/VATEN</Airway>
    <Airway Name="P568">ORNAT/EMAMU/ELOXO/BOXIG/DEBOX/JEBRA/RAMKO/PEBOR/KUNDI/EPLAS</Airway>
    <Airway Name="P720">EMITA/TIKAT</Airway>
    <Airway Name="P751">ALEBA/TOMRU/PSD VOR/TOKAR</Airway>
    <Airway Name="Q555">EGMER/AVONO</Airway>
    <Airway Name="Q563">IMDUR/DEDVA/SODIL/68KTM/ELUDU/GIDAX/PSD VOR/MAHDI</Airway>
    <Airway Name="Q622">SISOR/SUVRI</Airway>
    <Airway Name="Q727">GAGNI/SODIL</Airway>
    <Airway Name="R2">ATMUL</Airway>
    <Airway Name="R611">SS450/KTM VOR/EMITA/TIKAT</Airway>
    <Airway Name="T124">ALRAP</Airway>
    <Airway Name="T139">DASTU</Airway>
    <Airway Name="T226">GERIG</Airway>
    <Airway Name="T227">GERIG</Airway>
    <Airway Name="T228">TIKAT/AXAMI</Airway>
    <Airway Name="T334">GERIG</Airway>
    <Airway Name="T338">GERIG</Airway>
    <Airway Name="T339">GERIG</Airway>
    <Airway Name="T513">EGMEG</Airway>
    <Airway Name="T666">TIKAT</Airway>
    <Airway Name="T944">MRW VOR/DANUD/KUVTI</Airway>
    <Airway Name="UA410">KAFIA</Airway>
    <Airway Name="UA451">TOKAR</Airway>
    <Airway Name="UA618">SAGBU</Airway>
    <Airway Name="UA727">AVONO/EPSIX/AMATO/ANTAX</Airway>
    <Airway Name="UB12">IPOLI/DEKUM</Airway>
    <Airway Name="UB413">LADEN</Airway>
    <Airway Name="UB526">KSL VOR/TESON</Airway>
    <Airway Name="UB527">OVELA</Airway>
    <Airway Name="UB535">IPOLI/SAGBU/DAGAP/EPSIX</Airway>
    <Airway Name="UB736">IRAGA/MONAN/AVONO/USUBA</Airway>
    <Airway Name="UG300">TIKAT</Airway>
    <Airway Name="UG622">IPONO</Airway>
    <Airway Name="UG655">KOBLA/ARBEG/XULAK/POLPU/KEKAV/IRAGA</Airway>
    <Airway Name="UG656">ATUGA</Airway>
    <Airway Name="UG660">ARBEG/GNA VOR</Airway>
    <Airway Name="UG862">AMPER/RATUS/SOPOG</Airway>
    <Airway Name="UL432">EKBUL</Airway>
    <Airway Name="UM215">TIPEM/ARBEG/XULAK/POLPU/KEKAV/IRAGA</Airway>
    <Airway Name="UM220">AVAGI/UTOLI/EGMER/USUBA/AXOTI</Airway>
    <Airway Name="UM304">EPLAS</Airway>
    <Airway Name="UM863">TIPEM/IPONO/KITOB</Airway>
    <Airway Name="UN301">TIKAT</Airway>
    <Airway Name="UN556">KABLA</Airway>
    <Airway Name="UQ555">EGMER/AVONO</Airway>
    <Airway Name="UQ583">KITEK</Airway>
    <Airway Name="UQ584">KEKAV/KISAL</Airway>
    <Airway Name="UQ589">KOBLA/IPONO</Airway>
    <Airway Name="UT124">ALRAP</Airway>
    <Airway Name="UT139">SOPOG/ASKON/DASTU</Airway>
    <Airway Name="UT142">POLPU/KURAM</Airway>
    <Airway Name="UT226">GERIG</Airway>
    <Airway Name="UT227">GERIG</Airway>
    <Airway Name="UT228">TIKAT/AXAMI</Airway>
    <Airway Name="UT334">GERIG</Airway>
    <Airway Name="UT338">GERIG</Airway>
    <Airway Name="UT339">GERIG</Airway>
    <Airway Name="UT419">RATUS/ASKON</Airway>
    <Airway Name="UT666">TIKAT</Airway>
    <Airway Name="UT946">ANTAX</Airway>
    <Airway Name="UV790">FEREB</Airway>
    <Airway Name="UW605">XULAK/ILBIB</Airway>
    <Airway Name="UY248">AXOTI</Airway>
    <Airway Name="V608">TONTU</Airway>
    <Airway Name="W601">TONTU</Airway>
    <Airway Name="W605">TONTU/ALKED/SML VOR</Airway>
    <Airway Name="Y248">AXOTI</Airway>
    <Airway Name="Y866">DENDI/KSL VOR</Airway>
  </Airways>

  <!--SIDs
  and STARs-->

  <SIDSTARs>
    <SID Name="ATUG1B" Airport="HJJJ" Runways="13">
      <Route Runway="13">JJ700/JJ767/JJ759/JJ760/ATUGA</Route>
    </SID>
    <SID Name="EGBI1B" Airport="HJJJ" Runways="13">
      <Route Runway="13">JJ700/JJ701/JJ703/JJ705/JJ707/JJ709/DEMRA/EGBIM</Route>
    </SID>
    <SID Name="EPLA1B" Airport="HJJJ" Runways="13">
      <Route Runway="13">JJ700/JJ1/JJ740/EPLAS</Route>
    </SID>
    <SID Name="IMDU1B" Airport="HJJJ" Runways="13">
      <Route Runway="13">JJ700/JJ701/JJ703/JJ705/JJ707/JJ719/EMENO/IMDUR</Route>
    </SID>
    <SID Name="KABL1B" Airport="HJJJ" Runways="13">
      <Route Runway="13">JJ700/JJ767/JJ759/JJ750/KABLA</Route>
    </SID>
    <SID Name="OVEL1B" Airport="HJJJ" Runways="13">
      <Route Runway="13">JJ700/JJ767/JJ769/JJ770/OVELA</Route>
    </SID>
    <SID Name="SAGB1B" Airport="HJJJ" Runways="13">
      <Route Runway="13">JJ700/JJ767/JJ769/JJ780/SAGBU</Route>
    </SID>
    <SID Name="TAPO1B" Airport="HJJJ" Runways="13">
      <Route Runway="13">JJ700/JJ701/JJ703/GIDUD/TAPOS</Route>
    </SID>
    <SID Name="ATUG1D" Airport="HJJJ" Runways="31">
      <Route Runway="31">JJ802/JJ832/JJ834/JJ836/JJ860/ATUGA</Route>
    </SID>
    <SID Name="EGBI1D" Airport="HJJJ" Runways="31">
      <Route Runway="31">JJ802/JJ804/JJ806/JJ810/EGBIM</Route>
    </SID>
    <SID Name="EPLA1D" Airport="HJJJ" Runways="31">
      <Route Runway="31">JJ802/JJ832/JJ834/JJ836/JJ860/JJ838/LADVA/EPLAS</Route>
    </SID>
    <SID Name="IMDU1D" Airport="HJJJ" Runways="31">
      <Route Runway="31">JJ802/JJ804/JJ806/JJ618/IMKOL/IMDUR</Route>
    </SID>
    <SID Name="KABL1D" Airport="HJJJ" Runways="31">
      <Route Runway="31">JJ802/JJ832/JJ834/JJ836/JJ860/JJ850/KABLA</Route>
    </SID>
    <SID Name="OVEL1D" Airport="HJJJ" Runways="31">
      <Route Runway="31">JJ802/JJ832/JJ834/JJ868/JJ870/OVELA</Route>
    </SID>
    <SID Name="SAGB1D" Airport="HJJJ" Runways="31">
      <Route Runway="31">JJ802/JJ832/JJ880/SAGBU</Route>
    </SID>
    <SID Name="TAPO1D" Airport="HJJJ" Runways="31">
      <Route Runway="31">JJ802/JJ804/JJ828/KATIV/TAPOS</Route>
    </SID>
    <SID Name="ASMA1E" Airport="HSFS" Runways="05">
      <Route Runway="05">ASMAG</Route>
    </SID>
    <SID Name="IMLO1E" Airport="HSFS" Runways="05">
      <Route Runway="05">IMLOK</Route>
    </SID>
    <SID Name="IVOS1E" Airport="HSFS" Runways="05">
      <Route Runway="05">IVOSA</Route>
    </SID>
    <SID Name="RAMG1E" Airport="HSFS" Runways="05">
      <Route Runway="05">RAMGI</Route>
    </SID>
    <SID Name="ASMA1A" Airport="HSFS" Runways="05">
      <Route Runway="05">FS390/ASMAG</Route>
    </SID>
    <SID Name="IMLO1A" Airport="HSFS" Runways="05">
      <Route Runway="05">FS390/IMLOK</Route>
    </SID>
    <SID Name="IVOS1A" Airport="HSFS" Runways="05">
      <Route Runway="05">FS390/IVOSA</Route>
    </SID>
    <SID Name="RAMG1A" Airport="HSFS" Runways="05">
      <Route Runway="05">FS390/FS391/RAMGI</Route>
    </SID>
    <SID Name="ASMA1W" Airport="HSFS" Runways="23">
      <Route Runway="23">FSR/ASMAG</Route>
    </SID>
    <SID Name="IMLO1W" Airport="HSFS" Runways="23">
      <Route Runway="23">FSR/IMLOK</Route>
    </SID>
    <SID Name="IVOS1W" Airport="HSFS" Runways="23">
      <Route Runway="23">FSR/FSR15/IVOSA</Route>
    </SID>
    <SID Name="RAMG1W" Airport="HSFS" Runways="23">
      <Route Runway="23">FSR/RAMGI</Route>
    </SID>
    <SID Name="ASMA1B" Airport="HSFS" Runways="23">
      <Route Runway="23">FS400/FS401/ASMAG</Route>
    </SID>
    <SID Name="IMLO1B" Airport="HSFS" Runways="23">
      <Route Runway="23">FS400/IMLOK</Route>
    </SID>
    <SID Name="IVOS1B" Airport="HSFS" Runways="23">
      <Route Runway="23">FS400/FS401/IVOSA</Route>
    </SID>
    <SID Name="RAMG1B" Airport="HSFS" Runways="23">
      <Route Runway="23">FS400/RAMGI</Route>
    </SID>
    <SID Name="GERA1N" Airport="HSMN" Runways="02">
      <Route Runway="02">GERAS</Route>
    </SID>
    <SID Name="KURT1N" Airport="HSMN" Runways="02">
      <Route Runway="02">KURTI</Route>
    </SID>
    <SID Name="ORKA1N" Airport="HSMN" Runways="02">
      <Route Runway="02">ORKAL</Route>
    </SID>
    <SID Name="ROTA1N" Airport="HSMN" Runways="02">
      <Route Runway="02">ROTAP</Route>
    </SID>
    <SID Name="SOLE1N" Airport="HSMN" Runways="02">
      <Route Runway="02">SOLEV</Route>
    </SID>
    <SID Name="GERA1A" Airport="HSMN" Runways="02">
      <Route Runway="02">MN600/GERAS</Route>
    </SID>
    <SID Name="KURT1A" Airport="HSMN" Runways="02">
      <Route Runway="02">MN600/KURTI</Route>
    </SID>
    <SID Name="ORKA1A" Airport="HSMN" Runways="02">
      <Route Runway="02">MN600/ORKAL</Route>
    </SID>
    <SID Name="ROTA1A" Airport="HSMN" Runways="02">
      <Route Runway="02">MN600/MN601/ROTAP</Route>
    </SID>
    <SID Name="SOLE1A" Airport="HSMN" Runways="02">
      <Route Runway="02">MN600/SOLEV</Route>
    </SID>
    <SID Name="GERA1S" Airport="HSMN" Runways="20">
      <Route Runway="20">MRW/GERAS</Route>
    </SID>
    <SID Name="KURT1S" Airport="HSMN" Runways="20">
      <Route Runway="20">MRW/KURTI</Route>
    </SID>
    <SID Name="ORKA1S" Airport="HSMN" Runways="20">
      <Route Runway="20">MRW/ORKAL</Route>
    </SID>
    <SID Name="ROTA1S" Airport="HSMN" Runways="20">
      <Route Runway="20">MRW/ROTAP</Route>
    </SID>
    <SID Name="SOLE1S" Airport="HSMN" Runways="20">
      <Route Runway="20">MRW/SOLEV</Route>
    </SID>
    <SID Name="GERA1B" Airport="HSMN" Runways="20">
      <Route Runway="20">MN700/MN702/MN704/GERAS</Route>
    </SID>
    <SID Name="KURT1B" Airport="HSMN" Runways="20">
      <Route Runway="20">MN700/KURTI</Route>
    </SID>
    <SID Name="ORKA1B" Airport="HSMN" Runways="20">
      <Route Runway="20">MN700/ORKAL</Route>
    </SID>
    <SID Name="ROTA1B" Airport="HSMN" Runways="20">
      <Route Runway="20">MN700/ROTAP</Route>
    </SID>
    <SID Name="SOLE1B" Airport="HSMN" Runways="20">
      <Route Runway="20">MN700/SOLEV</Route>
    </SID>
    <SID Name="DAPE1S" Airport="HSPN" Runways="16">
      <Route Runway="16">PSD/35PSD/PSD37/37PSD/DAPEN</Route>
    </SID>
    <SID Name="GEPI1S" Airport="HSPN" Runways="16">
      <Route Runway="16">PSD/35PSD/GEPIT</Route>
    </SID>
    <SID Name="NABU1S" Airport="HSPN" Runways="16">
      <Route Runway="16">PSD/35PSD/NABUT</Route>
    </SID>
    <SID Name="PEKA1S" Airport="HSPN" Runways="16">
      <Route Runway="16">PSD/35PSD/PEKAB</Route>
    </SID>
    <SID Name="PURA1S" Airport="HSPN" Runways="16">
      <Route Runway="16">PSD/35PSD/PSD/PURAG</Route>
    </SID>
    <SID Name="SENK1S" Airport="HSPN" Runways="16">
      <Route Runway="16">PSD/35PSD/PSD/SENKA</Route>
    </SID>
    <SID Name="DAPE1B" Airport="HSPN" Runways="16">
      <Route Runway="16">PN802/PN810/PN770/DAPEN</Route>
    </SID>
    <SID Name="GEPI1B" Airport="HSPN" Runways="16">
      <Route Runway="16">PN802/PN804/GEPIT</Route>
    </SID>
    <SID Name="NABU1B" Airport="HSPN" Runways="16">
      <Route Runway="16">PN802/PN810/PN770/NABUT</Route>
    </SID>
    <SID Name="PEKA1B" Airport="HSPN" Runways="16">
      <Route Runway="16">PN802/PN850/PEKAB</Route>
    </SID>
    <SID Name="PURA1B" Airport="HSPN" Runways="16">
      <Route Runway="16">PN802/PSD/PN840/PURAG</Route>
    </SID>
    <SID Name="SENK1B" Airport="HSPN" Runways="16">
      <Route Runway="16">PN802/PSD/PN830/SENKA</Route>
    </SID>
    <SID Name="DAPE1N" Airport="HSPN" Runways="34">
      <Route Runway="34">PSD06/PSD37/37PSD/DAPEN</Route>
    </SID>
    <SID Name="GEPI1N" Airport="HSPN" Runways="34">
      <Route Runway="34">PSD06/GEPIT</Route>
    </SID>
    <SID Name="NABU1N" Airport="HSPN" Runways="34">
      <Route Runway="34">PSD06/NABUT</Route>
    </SID>
    <SID Name="PEKA1N" Airport="HSPN" Runways="34">
      <Route Runway="34">PSD06/PEKAB</Route>
    </SID>
    <SID Name="PURA1N" Airport="HSPN" Runways="34">
      <Route Runway="34">PSD06/PSD/PURAG</Route>
    </SID>
    <SID Name="SENK1N" Airport="HSPN" Runways="34">
      <Route Runway="34">PSD06/PSD/SENKA</Route>
    </SID>
    <SID Name="DAPE1A" Airport="HSPN" Runways="34">
      <Route Runway="34">PN702/PN720/PN770/DAPEN</Route>
    </SID>
    <SID Name="GEPI1A" Airport="HSPN" Runways="34">
      <Route Runway="34">PN702/PN710/GEPIT</Route>
    </SID>
    <SID Name="NABU1A" Airport="HSPN" Runways="34">
      <Route Runway="34">PN702/PN720/PN770/NABUT</Route>
    </SID>
    <SID Name="PEKA1A" Airport="HSPN" Runways="34">
      <Route Runway="34">PN702/PN704/PEKAB</Route>
    </SID>
    <SID Name="PURA1A" Airport="HSPN" Runways="34">
      <Route Runway="34">PN702/PSD/PN750/PURAG</Route>
    </SID>
    <SID Name="SENK1A" Airport="HSPN" Runways="34">
      <Route Runway="34">PN702/PSD/PN740/SENKA</Route>
    </SID>
    <SID Name="GERA1A" Airport="HSSK" Runways="18">
      <Route Runway="18">SS602/SS610/SS618/GERAP</Route>
    </SID>
    <SID Name="KARE1A" Airport="HSSK" Runways="18">
      <Route Runway="18">SS602/SS604/KAREP</Route>
    </SID>
    <SID Name="KUVT1A" Airport="HSSK" Runways="18">
      <Route Runway="18">SS602/SS612/SS614/SS626/SS628/KUVTI</Route>
    </SID>
    <SID Name="PASI1A" Airport="HSSK" Runways="18">
      <Route Runway="18">SS602/SS612/SS614/SS626/PASIL</Route>
    </SID>
    <SID Name="RADK1A" Airport="HSSK" Runways="18">
      <Route Runway="18">SS602/SS606/RADKA</Route>
    </SID>
    <SID Name="SIVI1A" Airport="HSSK" Runways="18">
      <Route Runway="18">SS602/SS608/SIVIL</Route>
    </SID>
    <SID Name="SODA1A" Airport="HSSK" Runways="18">
      <Route Runway="18">SS602/SS608/SODAB</Route>
    </SID>
    <SID Name="TABK1A" Airport="HSSK" Runways="18">
      <Route Runway="18">SS602/SS612/SS624/TABKO</Route>
    </SID>
    <SID Name="TABK1C" Airport="HSSK" Runways="18">
      <Route Runway="18">SS602/SS610/SS618/SS620/TABKO</Route>
    </SID>
    <SID Name="GERA2B" Airport="HSSK" Runways="36">
      <Route Runway="36">SS702/SS712/SS714/GERAP</Route>
    </SID>
    <SID Name="KARE2B" Airport="HSSK" Runways="36">
      <Route Runway="36">SS702/SS450/SS720/KAREP</Route>
    </SID>
    <SID Name="KUVT2B" Airport="HSSK" Runways="36">
      <Route Runway="36">SS702/SS704/KUVTI</Route>
    </SID>
    <SID Name="PASI2B" Airport="HSSK" Runways="36">
      <Route Runway="36">SS702/SS706/SS708/SS710/PASIL</Route>
    </SID>
    <SID Name="RADK2B" Airport="HSSK" Runways="36">
      <Route Runway="36">SS702/SS450/SS718/RADKA</Route>
    </SID>
    <SID Name="SIVI2B" Airport="HSSK" Runways="36">
      <Route Runway="36">SS702/SS712/SS714/SS716/SIVIL</Route>
    </SID>
    <SID Name="SODA2B" Airport="HSSK" Runways="36">
      <Route Runway="36">SS702/SS712/SS714/SS716/SODAB</Route>
    </SID>
    <SID Name="TABK2B" Airport="HSSK" Runways="36">
      <Route Runway="36">SS702/SS706/SS708/SS710/TABKO</Route>
    </SID>
    <STAR Name="ATUG1A" Airport="HJJJ" Runways="13">
      <Route Runway="13">ATUGA/JJ967/JJ963/JJ551/JJ962/JJ941/JJ507</Route>
    </STAR>
    <STAR Name="EGBI1A" Airport="HJJJ" Runways="13">
      <Route Runway="13">EGBIM/JJ525/JJ519/JJ513/JJ511/TUKLA</Route>
    </STAR>
    <STAR Name="EPLA1A" Airport="HJJJ" Runways="13">
      <Route Runway="13">EPLAS/JJ549/JJ547/JJ543/JJ941/JJ507</Route>
    </STAR>
    <STAR Name="IMDU1A" Airport="HJJJ" Runways="13">
      <Route Runway="13">IMDUR/JJ535/JJ529/JJ523/JJ521/TUKLA</Route>
    </STAR>
    <STAR Name="KABL1A" Airport="HJJJ" Runways="13">
      <Route Runway="13">KABLA/JJ557/JJ555/JJ553/JJ551/JJ962/JJ941/JJ507</Route>
    </STAR>
    <STAR Name="OVEL1A" Airport="HJJJ" Runways="13">
      <Route Runway="13">OVELA/JJ977/JJ975/JJ963/JJ551/JJ962/JJ941/JJ507</Route>
    </STAR>
    <STAR Name="SAGB1A" Airport="HJJJ" Runways="13">
      <Route Runway="13">SAGBU/JJ589/JJ587/JJ583/JJ581/TUKLA</Route>
    </STAR>
    <STAR Name="TAPO1A" Airport="HJJJ" Runways="13">
      <Route Runway="13">TAPOS/JJ539/JJ537/JJ533/JJ531/JJ507</Route>
    </STAR>
    <STAR Name="ATUG1C" Airport="HJJJ" Runways="31">
      <Route Runway="31">ATUGA/JJ967/JJ963/JJ962/JJ941/JJ610</Route>
    </STAR>
    <STAR Name="EGBI1C" Airport="HJJJ" Runways="31">
      <Route Runway="31">EGBIM/JJ618/JJ616/JJ614/JJ612/JJ610</Route>
    </STAR>
    <STAR Name="EPLA1C" Airport="HJJJ" Runways="31">
      <Route Runway="31">EPLAS/JJ648/JJ646/JJ652/JJ644/JJ642/MOGIP</Route>
    </STAR>
    <STAR Name="IMDU1C" Airport="HJJJ" Runways="31">
      <Route Runway="31">IMDUR/JJ698/JJ628/JJ626/JJ624/JJ622/JJ610</Route>
    </STAR>
    <STAR Name="KABL1C" Airport="HJJJ" Runways="31">
      <Route Runway="31">KABLA/JJ656/JJ654/JJ652/JJ644/JJ642/MOGIP</Route>
    </STAR>
    <STAR Name="OVEL1C" Airport="HJJJ" Runways="31">
      <Route Runway="31">OVELA/JJ977/JJ975/JJ963/JJ962/JJ941/JJ610</Route>
    </STAR>
    <STAR Name="SAGB1C" Airport="HJJJ" Runways="31">
      <Route Runway="31">SAGBU/JJ688/JJ963/JJ962/JJ941/JJ610</Route>
    </STAR>
    <STAR Name="TAPO1C" Airport="HJJJ" Runways="31">
      <Route Runway="31">TAPOS/JJ638/JJ636/JJ634/JJ632/JJ610</Route>
    </STAR>
    <STAR Name="ASMA1E" Airport="HSFS" Runways="05">
      <Route Runway="05">ASMAG/R092U/R229U/ALSUG</Route>
    </STAR>
    <STAR Name="IMLO1E" Airport="HSFS" Runways="05">
      <Route Runway="05">IMLOK/D248/R229U/ALSUG</Route>
    </STAR>
    <STAR Name="IVOS1E" Airport="HSFS" Runways="05">
      <Route Runway="05">IVOSA/R071U/R229U/ALSUG</Route>
    </STAR>
    <STAR Name="RAMG1E" Airport="HSFS" Runways="05">
      <Route Runway="05">RAMGI/R189U/R229U/ALSUG</Route>
    </STAR>
    <STAR Name="ASMA1A" Airport="HSFS" Runways="05">
      <Route Runway="05">ASMAG/FS393/FS394/FS367</Route>
    </STAR>
    <STAR Name="IMLO1A" Airport="HSFS" Runways="05">
      <Route Runway="05">IMLOK/FS395/FS369</Route>
    </STAR>
    <STAR Name="IVOS1A" Airport="HSFS" Runways="05">
      <Route Runway="05">IVOSA/FS393/FS394/FS367</Route>
    </STAR>
    <STAR Name="RAMG1A" Airport="HSFS" Runways="05">
      <Route Runway="05">RAMGI/FS369</Route>
    </STAR>
    <STAR Name="ASMA1W" Airport="HSFS" Runways="23">
      <Route Runway="23">ASMAG/R092U/R049U/RANPU</Route>
    </STAR>
    <STAR Name="IMLO1W" Airport="HSFS" Runways="23">
      <Route Runway="23">IMLOK/D277/R357U/R049U/RANPU</Route>
    </STAR>
    <STAR Name="IVOS1W" Airport="HSFS" Runways="23">
      <Route Runway="23">IVOSA/R071U/R049U/RANPU</Route>
    </STAR>
    <STAR Name="RAMG1W" Airport="HSFS" Runways="23">
      <Route Runway="23">RAMGI/R189U/R049U/RANPU</Route>
    </STAR>
    <STAR Name="ASMA1B" Airport="HSFS" Runways="23">
      <Route Runway="23">ASMAG/FS378</Route>
    </STAR>
    <STAR Name="IMLO1B" Airport="HSFS" Runways="23">
      <Route Runway="23">IMLOK/FS405/FS380</Route>
    </STAR>
    <STAR Name="IVOS1B" Airport="HSFS" Runways="23">
      <Route Runway="23">IVOSA/FS378</Route>
    </STAR>
    <STAR Name="RAMG1B" Airport="HSFS" Runways="23">
      <Route Runway="23">RAMGI/FS406/FS379</Route>
    </STAR>
    <STAR Name="GERA1N" Airport="HSMN" Runways="02">
      <Route Runway="02">GERAS/MRW/R225J/MRW10/MRW57/MRW30</Route>
    </STAR>
    <STAR Name="KURT1N" Airport="HSMN" Runways="02">
      <Route Runway="02">KURTI/MRW/R225J/MRW10/MRW57/MRW30</Route>
    </STAR>
    <STAR Name="ORKA1N" Airport="HSMN" Runways="02">
      <Route Runway="02">ORKAL/MRW/R225J/MRW10/MRW57/MRW30</Route>
    </STAR>
    <STAR Name="ROTA1N" Airport="HSMN" Runways="02">
      <Route Runway="02">ROTAP/MRW/R225J/MRW10/MRW57/MRW30</Route>
    </STAR>
    <STAR Name="SOLE1N" Airport="HSMN" Runways="02">
      <Route Runway="02">SOLEV/MRW/R225J/MRW10/MRW57/MRW30</Route>
    </STAR>
    <STAR Name="GERA1A" Airport="HSMN" Runways="02">
      <Route Runway="02">GERAS/MN414/MN408/MN406</Route>
    </STAR>
    <STAR Name="KURT1A" Airport="HSMN" Runways="02">
      <Route Runway="02">KURTI/MN412/MN410/MN406</Route>
    </STAR>
    <STAR Name="ORKA1A" Airport="HSMN" Runways="02">
      <Route Runway="02">ORKAL/MN412/MN410/MN406</Route>
    </STAR>
    <STAR Name="ROTA1A" Airport="HSMN" Runways="02">
      <Route Runway="02">ROTAP/MN406</Route>
    </STAR>
    <STAR Name="SOLE1A" Airport="HSMN" Runways="02">
      <Route Runway="02">SOLEV/MN412/MN410/MN406</Route>
    </STAR>
    <STAR Name="GERA1S" Airport="HSMN" Runways="20">
      <Route Runway="20">GERAS/MRW/R002L/MRW12/MRW95/MRW70</Route>
    </STAR>
    <STAR Name="KURT1S" Airport="HSMN" Runways="20">
      <Route Runway="20">KURTI/MRW/R002L/MRW12/MRW95/MRW70</Route>
    </STAR>
    <STAR Name="ORKA1S" Airport="HSMN" Runways="20">
      <Route Runway="20">ORKAL/MRW/R002L/MRW12/MRW95/MRW70</Route>
    </STAR>
    <STAR Name="ROTA1S" Airport="HSMN" Runways="20">
      <Route Runway="20">ROTAP/MRW/R002L/MRW12/MRW95/MRW70</Route>
    </STAR>
    <STAR Name="SOLE1S" Airport="HSMN" Runways="20">
      <Route Runway="20">SOLEV/MRW/R002L/MRW12/MRW95/MRW70</Route>
    </STAR>
    <STAR Name="GERA1B" Airport="HSMN" Runways="20">
      <Route Runway="20">GERAS/MN510/MN508</Route>
    </STAR>
    <STAR Name="KURT1B" Airport="HSMN" Runways="20">
      <Route Runway="20">KURTI/MN506</Route>
    </STAR>
    <STAR Name="ORKA1B" Airport="HSMN" Runways="20">
      <Route Runway="20">ORKAL/MN506</Route>
    </STAR>
    <STAR Name="ROTA1B" Airport="HSMN" Runways="20">
      <Route Runway="20">ROTAP/MN510/MN508</Route>
    </STAR>
    <STAR Name="SOLE1B" Airport="HSMN" Runways="20">
      <Route Runway="20">SOLEV/MN506</Route>
    </STAR>
    <STAR Name="ALKET1" Airport="HSPN" Runways="16,34">
      <Route Runway="16">ALKET/R018I/PSD</Route>
      <Route Runway="34">ALKET/R018I/PSD/PIS12/PIS75</Route>
    </STAR>
    <STAR Name="DAPEN1" Airport="HSPN" Runways="16,34">
      <Route Runway="16">DAPEN/PSD35/PSD28/R165U/RADSI</Route>
      <Route Runway="34">DAPEN/PSD35/PSD28/R165U/RADSI</Route>
    </STAR>
    <STAR Name="NABUT1" Airport="HSPN" Runways="16,34">
      <Route Runway="16">NABUT/R119Y/R119U/R165U/RADSI</Route>
      <Route Runway="34">NABUT/R119Y/R119U/R165U/RADSI</Route>
    </STAR>
    <STAR Name="PEKAB1" Airport="HSPN" Runways="16,34">
      <Route Runway="16">PEKAB/R324Y/R324I/PSD</Route>
      <Route Runway="34">PEKAB/R324Y/R324I/PSD/PIS12/PIS75</Route>
    </STAR>
    <STAR Name="PURAG1" Airport="HSPN" Runways="16,34">
      <Route Runway="16">PURAG/R257Y/R257U/R242U/R197U/R165U/RADSI</Route>
      <Route Runway="34">PURAG/R257Y/R257U/R242U/R197U/R165U/RADSI</Route>
    </STAR>
    <STAR Name="SENKA1" Airport="HSPN" Runways="16,34">
      <Route Runway="16">SENKA/PSD29/R227Y/R227U/R197U/R165U/RADSI</Route>
      <Route Runway="34">SENKA/PSD29/R227Y/R227U/R197U/R165U/RADSI</Route>
    </STAR>
    <STAR Name="ALKE1B" Airport="HSPN" Runways="16">
      <Route Runway="16">ALKET/PN404</Route>
    </STAR>
    <STAR Name="DAPE1B" Airport="HSPN" Runways="16">
      <Route Runway="16">DAPEN/PN770/PN412/PN406/PN404</Route>
    </STAR>
    <STAR Name="NABU1B" Airport="HSPN" Runways="16">
      <Route Runway="16">NABUT/PN770/PN412/PN406/PN404</Route>
    </STAR>
    <STAR Name="PEKA1B" Airport="HSPN" Runways="16">
      <Route Runway="16">PEKAB/PN410/PN404</Route>
    </STAR>
    <STAR Name="PURA1B" Airport="HSPN" Runways="16">
      <Route Runway="16">PURAG/PN411/PN409/PN407/PN405/PN404</Route>
    </STAR>
    <STAR Name="SENK1B" Airport="HSPN" Runways="16">
      <Route Runway="16">SENKA/PN413/PN409/PN407/PN405/PN404</Route>
    </STAR>
    <STAR Name="ALKE1A" Airport="HSPN" Runways="34">
      <Route Runway="34">ALKET/PN528/PN508/RADSI</Route>
    </STAR>
    <STAR Name="DAPE1A" Airport="HSPN" Runways="34">
      <Route Runway="34">DAPEN/PN824/RADSI</Route>
    </STAR>
    <STAR Name="NABU1A" Airport="HSPN" Runways="34">
      <Route Runway="34">NABUT/PN826/PN508/RADSI</Route>
    </STAR>
    <STAR Name="PEKA1A" Airport="HSPN" Runways="34">
      <Route Runway="34">PEKAB/PN512/PN510/RADSI</Route>
    </STAR>
    <STAR Name="PURA1A" Airport="HSPN" Runways="34">
      <Route Runway="34">PURAG/PN515/PN514/PN510/RADSI</Route>
    </STAR>
    <STAR Name="SENK1A" Airport="HSPN" Runways="34">
      <Route Runway="34">SENKA/PN518/PN516/PN510/RADSI</Route>
    </STAR>
    <STAR Name="GERA1A" Airport="HSSK" Runways="18">
      <Route Runway="18">GERAP/SOGEX/SS408/MISAL/SS406/SS404/SS402</Route>
    </STAR>
    <STAR Name="KARE1A" Airport="HSSK" Runways="18">
      <Route Runway="18">KAREP/SS450/SS408/MISAL/SS406/SS404/SS402</Route>
    </STAR>
    <STAR Name="KUVT1A" Airport="HSSK" Runways="18">
      <Route Runway="18">KUVTI/MISAL/SS406/SS404/SS402</Route>
    </STAR>
    <STAR Name="PASI1A" Airport="HSSK" Runways="18">
      <Route Runway="18">PASIL/MISAL/SS406/SS404/SS402</Route>
    </STAR>
    <STAR Name="RADK1A" Airport="HSSK" Runways="18">
      <Route Runway="18">RADKA/SS450/SS408/MISAL/SS406/SS404/SS402</Route>
    </STAR>
    <STAR Name="SIVI1A" Airport="HSSK" Runways="18">
      <Route Runway="18">SIVIL/SS416/SS414/SS412/SS408/MISAL/SS406/SS404/SS402</Route>
    </STAR>
    <STAR Name="SODA1A" Airport="HSSK" Runways="18">
      <Route Runway="18">SODAB/SS416/SS414/SS412/SS408/MISAL/SS406/SS404/SS402</Route>
    </STAR>
    <STAR Name="TABK1A" Airport="HSSK" Runways="18">
      <Route Runway="18">TABKO/SOGEX/SS408/MISAL/SS406/SS404/SS402</Route>
    </STAR>
    <STAR Name="GERA1B" Airport="HSSK" Runways="36">
      <Route Runway="36">GERAP/BOROG/SS504/SS502/SS504</Route>
    </STAR>
    <STAR Name="KARE1B" Airport="HSSK" Runways="36">
      <Route Runway="36">KAREP/SS518/BOROG/SS504/SS502/SS504</Route>
    </STAR>
    <STAR Name="KUVT1B" Airport="HSSK" Runways="36">
      <Route Runway="36">KUVTI/SS514/SS512/SS510/SS508/BOROG/SS504/SS502/SS504</Route>
    </STAR>
    <STAR Name="PASI1B" Airport="HSSK" Runways="36">
      <Route Runway="36">PASIL/SS514/SS512/SS510/SS508/BOROG/SS504/SS502/SS504</Route>
    </STAR>
    <STAR Name="RADK1B" Airport="HSSK" Runways="36">
      <Route Runway="36">RADKA/BOROG/SS504/SS502/SS504</Route>
    </STAR>
    <STAR Name="SIVI1B" Airport="HSSK" Runways="36">
      <Route Runway="36">SIVIL/BOROG/SS504/SS502/SS504</Route>
    </STAR>
    <STAR Name="SODA1B" Airport="HSSK" Runways="36">
      <Route Runway="36">SODAB/BOROG/SS504/SS502/SS504</Route>
    </STAR>
    <STAR Name="TABK1B" Airport="HSSK" Runways="36">
      <Route Runway="36">TABKO/SOGEX/SS516/SS510/SS508/BOROG/SS504/SS502/SS504</Route>
    </STAR>
  </SIDSTARs>

  <Airports>
    <!-- Airports with Runways -->
    <Airport ICAO="HJJJ" FullName="Juba" Position="+04.8710+031.6011">
      <Runway Name="13" Position="+04.8831+031.5872" />
      <Runway Name="31" Position="+04.8650+031.6094" />
    </Airport>
    <Airport ICAO="HJMK" FullName="Malakal" Position="+09.5590+031.6522">
      <Runway Name="04" Position="+09.5525+031.6459" />
      <Runway Name="22" Position="+09.5654+031.6585" />
    </Airport>
    <Airport ICAO="HJRB" FullName="Rumbek" Position="+06.8319+029.6689">
      <Runway Name="01" Position="+06.8220+029.6672" />
      <Runway Name="19" Position="+06.8375+029.6704" />
    </Airport>
    <Airport ICAO="HJWW" FullName="Wau" Position="+07.7258+027.9750">
      <Runway Name="09" Position="+07.7258+027.9634" />
      <Runway Name="27" Position="+07.7257+027.9858" />
    </Airport>
    <Airport ICAO="HSAT" FullName="Atbara" Position="+17.7016+034.0542">
      <Runway Name="01" Position="+17.7017+034.0546" />
      <Runway Name="19" Position="+17.7180+034.0598" />
    </Airport>
    <Airport ICAO="HSDN" FullName="Dongola" Position="+19.1525+030.4314">
      <Runway Name="17" Position="+19.1674+030.4315" />
      <Runway Name="35" Position="+19.1404+030.4320" />
    </Airport>
    <Airport ICAO="HSDZ" FullName="Damazin" Position="+11.7974+034.3364">
      <Runway Name="17" Position="+11.7971+034.3347" />
      <Runway Name="35" Position="+11.7726+034.3389" />
    </Airport>
    <Airport ICAO="HSFS" FullName="El Fasher" Position="+13.6140+025.3189">
      <Runway Name="05" Position="+13.6068+025.3140" />
      <Runway Name="23" Position="+13.6232+025.3356" />
    </Airport>
    <Airport ICAO="HSGN" FullName="Geneina" Position="+13.4835+022.4731">
      <Runway Name="04" Position="+13.4732+022.4634" />
      <Runway Name="22" Position="+13.4842+022.4730" />
      <Runway Name="11" Position="+13.4876+022.4585" />
      <Runway Name="29" Position="+13.4827+022.4748" />
    </Airport>
    <Airport ICAO="HSKA" FullName="Kassala" Position="+15.3938+036.3330">
      <Runway Name="02" Position="+15.3754+036.3249" />
      <Runway Name="20" Position="+15.3964+036.3325" />
    </Airport>
    <Airport ICAO="HSLI" FullName="Kadugli" Position="+11.1327+029.6992">
      <Runway Name="06" Position="+11.1327+029.6919" />
      <Runway Name="24" Position="+11.1434+029.7115" />
    </Airport>
    <Airport ICAO="HSMN" FullName="Merowe" Position="+18.4264+031.8349">
      <Runway Name="02" Position="+18.4261+031.8344" />
      <Runway Name="20" Position="+18.4598+031.8504" />
    </Airport>
    <Airport ICAO="HSNN" FullName="Nyala" Position="+12.0535+024.9636">
      <Runway Name="04" Position="+12.0433+024.9479" />
      <Runway Name="22" Position="+12.0636+024.9659" />
    </Airport>
    <Airport ICAO="HSOB" FullName="El Obeid" Position="+13.1407+030.2363">
      <Runway Name="01" Position="+13.1398+030.2302" />
      <Runway Name="19" Position="+13.1666+030.2348" />
    </Airport>
    <Airport ICAO="HSPN" FullName="Port Sudan" Position="+19.4447+037.2349">
      <Runway Name="16" Position="+19.4446+037.2315" />
      <Runway Name="34" Position="+19.4226+037.2367" />
    </Airport>
    <Airport ICAO="HSSG" FullName="Sebara Geneina" Position="+13.4772+022.5361">
      <Runway Name="04" Position="+13.4676+022.5282" />
      <Runway Name="22" Position="+13.4878+022.5467" />
    </Airport>
    <Airport ICAO="HSSK" FullName="Khartoum" Position="+15.6070+032.5532">
      <Runway Name="18" Position="+15.6030+032.5529" />
      <Runway Name="36" Position="+15.5751+032.5533" />
    </Airport>
    <Airport ICAO="HSSW" FullName="Wadi Halfa" Position="+21.8028+031.5219">
      <Runway Name="06" Position="+21.7985+031.5135" />
      <Runway Name="24" Position="+21.8071+031.5305" />
    </Airport>
    <Airport ICAO="HSWS" FullName="Wadi Siedna" Position="+15.8155+032.5141" />
    <Airport ICAO="HSBL" FullName="Baleela" Position="+11.2219+028.5558" />
    <Airport ICAO="HSSP" FullName="Port Sudan Old" Position="+19.5833+037.2167">
      <Runway Name="10" Position="+19.5834+037.2177" />
    </Airport>

    <!-- Airports without Runways -->
    <Airport ICAO="HJAK" FullName="Akobo" Position="+07.7775+033.0025" />
    <Airport ICAO="HJAR" FullName="Adariel" Position="+10.0539+032.9597" />
    <Airport ICAO="HJAW" FullName="Aweil" Position="+08.7917+027.3603" />
    <Airport ICAO="HJBR" FullName="Bor" Position="+06.1911+031.6003" />
    <Airport ICAO="HJBT" FullName="Bentiu" Position="+09.3086+029.7872" />
    <Airport ICAO="HJFA" FullName="Paloich" Position="+10.5289+032.5006" />
    <Airport ICAO="HJKP" FullName="Kapoeta" Position="+04.7800+033.5869" />
    <Airport ICAO="HJMD" FullName="Maridi" Position="+04.9039+029.4439" />
    <Airport ICAO="HJPI" FullName="Pibor" Position="+06.7956+033.1286" />
    <Airport ICAO="HJRJ" FullName="Raga" Position="+08.4608+025.6811" />
    <Airport ICAO="HJTR" FullName="Torit" Position="+04.4169+032.5756" />
    <Airport ICAO="HJTU" FullName="Timbura" Position="+05.6022+027.4733" />
    <Airport ICAO="HJYA" FullName="Yambio" Position="+04.5672+028.4242" />
    <Airport ICAO="HJYE" FullName="Yei" Position="+04.1294+030.7322" />
    <Airport ICAO="HJYL" FullName="Yirol" Position="+06.5589+030.5081" />
    <Airport ICAO="HSCG" FullName="Carthago" Position="+18.7500+037.0000" />
    <Airport ICAO="HSDB" FullName="El Debba" Position="+18.0250+030.9583" />
    <Airport ICAO="HSDL" FullName="Dilling" Position="+12.0833+029.6833" />
    <Airport ICAO="HSNW" FullName="New Halfa" Position="+15.3550+035.7286" />
    <Airport ICAO="HSHG" FullName="Heglig" Position="+09.9968+029.3961" />
  </Airports>
</Airspace>