﻿<?xml version="1.0" encoding="utf-8" ?>
<Messages>
  <Category name="QUICK_OPTIONS">
    <Message Response="WU">CLIMB TO AND MAINTAIN [LEVEL]</Message>
    <Message Response="WU">DESCEND TO AND MAINTAIN [LEVEL]</Message>
    <Message Response="WU">PROCEED DIRECT TO [POSITION]</Message>
    <Message Response="WU">MAINTAIN [SPEED] OR GREATER</Message>
    <Message Response="WU">MAINTAIN [SPEED] OR LESS</Message>
    <Message Response="WU">CONTACT [UNIT] [FREQUENCY]</Message>
    <Message Response="R">REQUEST RECEIVED RESPONSE WILL BE VIA VOICE</Message>
  </Category>
  <Category name="Level">
    <Message Response="NE">WHEN CAN YOU ACCEPT [LEVEL]</Message>
    <Message Response="AN">CAN YOU ACCEPT [LEVEL] AT [POSITION]</Message>
    <Message Response="AN">CAN YOU ACCEPT [LEVEL] AT [TIME]</Message>
    <Message Response="WU">MAINTAIN [LEVEL]</Message>
    <Message Response="WU">CLIMB TO AND MAINTAIN [LEVEL]</Message>
	<Message Response="WU">CLIMB VIA SID TO [LEVEL]</Message>
    <Message Response="WU">AT [TIME] CLIMB TO AND MAINTAIN [LEVEL]</Message>
    <Message Response="WU">AT [POSITION] CLIMB TO AND MAINTAIN [LEVEL]</Message>
    <Message Response="WU">DESCEND TO AND MAINTAIN [LEVEL]</Message>
	<Message Response="WU">DESCEND VIA STAR TO [LEVEL]</Message>
    <Message Response="WU">AT [TIME] DESCEND TO AND MAINTAIN [LEVEL]</Message>
    <Message Response="WU">AT [POSITION] DESCEND TO AND MAINTAIN [LEVEL]</Message>
    <Message Response="WU">CLIMB TO REACH [LEVEL] BY [TIME]</Message>
    <Message Response="WU">CLIMB TO REACH [LEVEL] BY [POSITION]</Message>
    <Message Response="WU">DESCEND TO REACH [LEVEL] BY [TIME]</Message>
    <Message Response="WU">DESCEND TO REACH [LEVEL] BY [POSITION]</Message>
    <Message Response="R">REACH [LEVEL] BY [TIME]</Message>
    <Message Response="R">REACH [LEVEL] BY [POSITION]</Message>
    <Message Response="WU">MAINTAIN BLOCK [LEVEL] TO [LEVEL]</Message>
    <Message Response="WU">CLIMB TO AND MAINTAIN BLOCK [LEVEL] TO [LEVEL]</Message>
    <Message Response="WU">DESCEND TO AND MAINTAIN BLOCK [LEVEL] TO [LEVEL]</Message>
    <Message Response="R">LEAVE CONTROL AREA DESCENDING</Message>
    <Message Response="R">CRUISE CLIMB NOT AVAILABLE IN AUSTRALIAN ADMINISTERED AIRSPACE</Message>
    <Message Response="WU">CRUISE [LEVEL]</Message>
    <Message Response="WU">CRUISE CLIMB TO [LEVEL]</Message>
    <Message Response="WU">CRUISE CLIMB ABOVE [LEVEL]</Message>
    <Message Response="WU">EXPEDITE CLIMB TO [LEVEL]</Message>
    <Message Response="WU">EXPEDITE DESCENT TO [LEVEL]</Message>
    <Message Response="WU">IMMEDIATELY CLIMB TO [LEVEL]</Message>
    <Message Response="WU">IMMEDIATELY DESCEND TO [LEVEL]</Message>
    <Message Response="WU">IMMEDIATELY STOP CLIMB AT [LEVEL]</Message>
    <Message Response="WU">IMMEDIATELY STOP DESCENT AT [LEVEL]</Message>
    <Message Response="WU">CLIMB AT [RATE] MINIMUM</Message>
    <Message Response="WU">CLIMB AT [RATE] MAXIMUM</Message>
    <Message Response="WU">DESCEND AT [RATE] MINIMUM</Message>
    <Message Response="WU">DESCEND AT [RATE] MAXIMUM</Message>
    <Message Response="R">EXPECT [LEVEL]</Message>
    <Message Response="R">EXPECT CLIMB AT [TIME]</Message>
    <Message Response="R">EXPECT CLIMB AT [POSITION]</Message>
    <Message Response="R">EXPECT DESCENT AT [TIME]</Message>
    <Message Response="R">EXPECT DESCENT AT [POSITION]</Message>
    <Message Response="R">EXPECT CRUISE CLIMB AT [TIME]</Message>
    <Message Response="R">EXPECT CRUISE CLIMB AT [POSITION]</Message>
    <Message Response="R">AT [TIME] EXPECT CLIMB TO [LEVEL]</Message>
    <Message Response="R">AT [POSITION] EXPECT CLIMB TO [LEVEL]</Message>
    <Message Response="R">AT [TIME] EXPECT DESCENT TO [LEVEL]</Message>
    <Message Response="R">AT [POSITION] EXPECT DESCENT TO [LEVEL]</Message>
    <Message Response="R">AT [TIME] EXPECT CRUISE CLIMB TO [LEVEL]</Message>
    <Message Response="R">AT [POSITION] EXPECT CRUISE CLIMB TO [LEVEL]</Message>
  </Category>
  <Category name="Cross">
    <Message Response="WU">CROSS [POSITION] AT [LEVEL]</Message>
    <Message Response="WU">CROSS [POSITION] AT OR ABOVE [LEVEL]</Message>
    <Message Response="WU">CROSS [POSITION] AT OR BELOW [LEVEL]</Message>
    <Message Response="WU">CROSS [POSITION] AT AND MAINTAIN [LEVEL]</Message>
    <Message Response="WU">CROSS [POSITION] BETWEEN [LEVEL] AND [LEVEL]</Message>
    <Message Response="WU">CROSS [POSITION] AT [TIME]</Message>
    <Message Response="WU">CROSS [POSITION] AT OR BEFORE [TIME]</Message>
    <Message Response="WU">CROSS [POSITION] AT OR AFTER [TIME]</Message>
    <Message Response="WU">CROSS [POSITION] BETWEEN [TIME] AND [TIME]</Message>
    <Message Response="WU">CROSS [POSITION] AT [SPEED]</Message>
    <Message Response="WU">CROSS [POSITION] AT OR LESS THAN [SPEED]</Message>
    <Message Response="WU">CROSS [POSITION] AT OR GREATER THAN [SPEED]</Message>
    <Message Response="WU">CROSS [POSITION] AT [TIME] AT [LEVEL]</Message>
    <Message Response="WU">CROSS [POSITION] AT OR BEFORE [TIME] AT [LEVEL]</Message>
    <Message Response="WU">CROSS [POSITION] AT OR AFTER [TIME] AT [LEVEL]</Message>
    <Message Response="WU">CROSS [POSITION] AT AND MAINTAIN [LEVEL] AT [SPEED]</Message>
    <Message Response="WU">AT [TIME] CROSS [POSITION] AT AND MAINTAIN [LEVEL]</Message>
    <Message Response="WU">AT [TIME] CROSS [POSITION] AT AND MAINTAIN [LEVEL] AT [SPEED]</Message>
    <Message Response="R">EXPECT TO CROSS [POSITION] AT [LEVEL]</Message>
    <Message Response="R">EXPECT TO CROSS [POSITION] AT OR ABOVE [LEVEL]</Message>
    <Message Response="R">EXPECT TO CROSS [POSITION] AT OR BELOW [LEVEL]</Message>
    <Message Response="R">EXPECT TO CROSS [POSITION] AT AND MAINTAIN [LEVEL]</Message>
  </Category>
  <Category name="Divert">
    <Message Response="NE">WHEN CAN YOU ACCEPT [DISTANCE] [DIRECTION] OFFSET</Message>
    <Message Response="WU">OFFSET [DISTANCE] [DIRECTION] OF ROUTE</Message>
    <Message Response="WU">AT [POSITION] OFFSET [DISTANCE] [DIRECTION] OF ROUTE</Message>
    <Message Response="WU">AT [TIME] OFFSET [DISTANCE] [DIRECTION] OF ROUTE</Message>
    <Message Response="WU">PROCEED BACK ON ROUTE</Message>
    <Message Response="WU">REJOIN ROUTE BY [POSITION]</Message>
    <Message Response="WU">REJOIN ROUTE BY [TIME]</Message>
    <Message Response="WU">RESUME OWN NAVIGATION</Message>
    <Message Response="R">EXPECT BACK ON ROUTE BY [POSITION]</Message>
    <Message Response="R">EXPECT BACK ON ROUTE BY [TIME]</Message>
  </Category>
  <Category name="Route">
    <Message Response="WU">PROCEED DIRECT TO [POSITION]</Message>
    <Message Response="WU">WHEN ABLE PROCEED DIRECT TO [POSITION]</Message>
    <Message Response="WU">AT [TIME] PROCEED DIRECT TO [POSITION]</Message>
    <Message Response="WU">AT [POSITION] PROCEED DIRECT TO [POSITION]</Message>
    <Message Response="WU">AT [LEVEL] PROCEED DIRECT TO [POSITION]</Message>
    <Message Response="WU">CLEARED TO [POSITION] VIA [ROUTE]</Message>
    <Message Response="WU">CLEARED [ROUTE]</Message>
    <Message Response="WU">CLEARED [STAR] [TEXT]</Message>
    <Message Response="WU">CLEARED TO DEVIATE UP TO [DISTANCE] [DIRECTION] OF ROUTE</Message>
    <Message Response="WU">AT [POSITION] CLEARED [ROUTE]</Message>
    <Message Response="WU">AT [POSITION] CLEARED [STAR] [TEXT]</Message>
    <Message Response="WU">HOLD AT [POSITION] MAINTAIN [LEVEL] INBOUND TRACK [DEGREES] [DIRECTION] TURN LEG TIME [TIME]</Message>
    <Message Response="WU">HOLD AT [POSITION] AS PUBLISHED MAINTAIN [LEVEL]</Message>
    <Message Response="WU">TURN [DIRECTION] HEADING [DEGREES]</Message>
    <Message Response="WU">TURN [DIRECTION] GROUND TRACK [DEGREES]</Message>
    <Message Response="WU">FLY PRESENT HEADING</Message>
    <Message Response="WU">AT [POSITION] FLY HEADING [DEGREES]</Message>
    <Message Response="WU">IMMEDIATELY TURN [DIRECTION] HEADING [DEGREES]</Message>
    <Message Response="R">EXPECT [ROUTE]</Message>
    <Message Response="R">AT [POSITION] EXPECT [ROUTE]</Message>
    <Message Response="R">EXPECT DIRECT TO [POSITION]</Message>
    <Message Response="R">AT [POSITION] EXPECT DIRECT TO [POSITION]</Message>
    <Message Response="R">AT [TIME] EXPECT DIRECT TO [POSITION]</Message>
    <Message Response="R">AT [LEVEL] EXPECT DIRECT TO [POSITION]</Message>
    <Message Response="R">EXPECT FURTHER CLEARANCE AT [TIME]</Message>
    <Message Response="R">EXPECT [STAR] [TEXT]</Message>
  </Category>

  <Category name="PDC" AutoloadElements="true" SendViaTM="true">
    <Message Response="NE">PDC [TIMESTAMP]</Message>
    <Message Response="NE">[CALLSIGN] [ATYPE] [ADEP] [ETD]</Message>
    <Message Response="NE">CLEARED TO [ADES] VIA [SID] DEP [TEXT]</Message>
    <Message Response="NE">ROUTE [ROUTE]</Message>
    <Message Response="NE">CLIMB VIA SID TO [LEVEL]</Message>
    <Message Response="NE">SQUAWK [SSR]</Message>
  </Category>
  <Category name="Speed">
    <Message Response="WU">MAINTAIN [SPEED]</Message>
    <Message Response="WU">MAINTAIN PRESENT SPEED</Message>
    <Message Response="WU">MAINTAIN [SPEED] OR GREATER</Message>
    <Message Response="WU">MAINTAIN [SPEED] OR LESS</Message>
    <Message Response="WU">MAINTAIN [SPEED] TO [SPEED]</Message>
    <Message Response="WU">INCREASE SPEED TO [SPEED]</Message>
    <Message Response="WU">INCREASE SPEED TO [SPEED] OR GREATER</Message>
    <Message Response="WU">REDUCE SPEED TO [SPEED]</Message>
    <Message Response="WU">REDUCE SPEED TO [SPEED] OR LESS</Message>
    <Message Response="WU">DO NOT EXCEED [SPEED]</Message>
    <Message Response="WU">RESUME NORMAL SPEED</Message>
    <Message Response="R">NO SPEED RESTRICTION</Message>
    <Message Response="R">AT [TIME] EXPECT [SPEED]</Message>
    <Message Response="R">AT [POSITION] EXPECT [SPEED]</Message>
    <Message Response="R">AT [LEVEL] EXPECT [SPEED]</Message>
    <Message Response="R">AT [TIME] EXPECT [SPEED] TO [SPEED]</Message>
    <Message Response="R">AT [POSITION] EXPECT [SPEED] TO [SPEED]</Message>
    <Message Response="R">AT [LEVEL] EXPECT [SPEED] TO [SPEED]</Message>
    <Message Response="NE">WHEN CAN YOU ACCEPT [SPEED]</Message>
  </Category>
  <Category name="Comms">
    <Message Response="WU">CONTACT [UNIT] [FREQUENCY]</Message>
    <Message Response="WU">AT [POSITION] CONTACT [UNIT] [FREQUENCY]</Message>
    <Message Response="WU">AT [TIME] CONTACT [UNIT] [FREQUENCY]</Message>
    <Message Response="WU">MONITOR [UNIT] [FREQUENCY]</Message>
    <Message Response="WU">AT [POSITION] MONITOR [UNIT] [FREQUENCY]</Message>
    <Message Response="WU">AT [TIME] MONITOR [UNIT] [FREQUENCY]</Message>
    <Message Response="WU">SQUAWK [SSR]</Message>
    <Message Response="WU">STOP SQUAWK</Message>
    <Message Response="WU">SQUAWK ALTITUDE</Message>
    <Message Response="WU">STOP SQUAWK ALTITUDE</Message>
    <Message Response="WU">SQUAWK IDENT</Message>
    <Message Response="R">ALTIMETER [QNH]</Message>
    <Message Response="R">IDENTIFICATION</Message>
    <Message Response="R">IDENTIFIED</Message>
    <Message Response="R">IDENTIFICATION TERMINATED</Message>
    <Message Response="R">TRANSMIT ADS-B IDENT</Message>
    <Message Response="R">CONFIRM ADS-C EMERGENCY</Message>
    <Message Response="R">CHECK STUCK MICROPHONE [FREQUENCY]</Message>
    <Message Response="R">ATIS [CODE]</Message>
  </Category>
  <Category name="Report">
    <Message Response="R">REPORT BACK ON ROUTE</Message>
    <Message Response="R">REPORT LEAVING [LEVEL]</Message>
    <Message Response="R">REPORT LEVEL [LEVEL]</Message>
    <Message Response="R">REPORT REACHING [LEVEL]</Message>
    <Message Response="R">REPORT REACHING BLOCK [LEVEL] TO [LEVEL]</Message>
    <Message Response="R">REPORT PASSING [POSITION]</Message>
    <Message Response="NE">REPORT DISTANCE [TO/FROM] [POSITION]</Message>
    <Message Response="NE">REPORT REMAINING FUEL AND SOULS ON BOARD</Message>
    <Message Response="NE">CONFIRM POSITION</Message>
    <Message Response="NE">CONFIRM ALTITUDE</Message>
    <Message Response="NE">CONFIRM SPEED</Message>
    <Message Response="NE">CONFIRM ASSIGNED ALTITUDE</Message>
    <Message Response="NE">CONFIRM ASSIGNED SPEED</Message>
    <Message Response="NE">CONFIRM ASSIGNED ROUTE</Message>
    <Message Response="NE">CONFIRM TIME OVER REPORTED WAYPOINT</Message>
    <Message Response="NE">CONFIRM REPORTED WAYPOINT</Message>
    <Message Response="NE">CONFIRM NEXT WAYPOINT</Message>
    <Message Response="NE">CONFIRM NEXT WAYPOINT ETA</Message>
    <Message Response="NE">CONFIRM ENSUING WAYPOINT</Message>
    <Message Response="NE">CONFIRM REQUEST</Message>
    <Message Response="NE">CONFIRM SQUAWK</Message>
    <Message Response="NE">CONFIRM HEADING</Message>
    <Message Response="NE">CONFIRM GROUND TRACK</Message>
    <Message Response="NE">CONFIRM ATIS CODE</Message>
    <Message Response="NE">REQUEST POSITION REPORT</Message>
  </Category>
  <Category name="Misc">
    <Message Response="R">REQUEST RECEIVED RESPONSE WILL BE VIA VOICE</Message>
    <Message Response="NE">WHEN READY</Message>
    <Message Response="NE">THEN</Message>
    <Message Response="NE">DUE TO TRAFFIC</Message>
    <Message Response="NE">DUE TO AIRSPACE RESTRICTION</Message>
    <Message Response="R">DISREGARD</Message>
    <Message Response="WU">MAINTAIN OWN SEPARATION AND VMC</Message>
    <Message Response="NE">AT PILOTS DISCRETION</Message>
    <Message Response="NE">STANDBY</Message>
    <Message Response="NE">UNABLE</Message>
    <Message Response="NE">ROGER</Message>
    <Message Response="NE">AFFIRM</Message>
    <Message Response="NE">NEGATIVE</Message>
    <Message Response="R">ROGER MAYDAY</Message>
    <Message Response="R">ROGER PAN</Message>
  </Category>
</Messages>
