﻿<?xml version="1.0" encoding="utf-8"?>
<MET>
  <GRIB url="http://sawbe.com/GRIB/" fileName="world.grib2" />
  <ProductTypes>
    <TAF
      url="https://aviationweather.gov/adds/dataserver_current/httpparam?dataSource=tafs&amp;requestType=retrieve&amp;format=xml&amp;stationString=%ICAO&amp;hoursBeforeNow=0&amp;timeType=valid&amp;mostRecent=true"
      xmlDataTag="raw_text" mostRecent="true" />
  </ProductTypes>
  <Browsers>
    <SimATC url="https://sim-atc.com/?vatsys=true" />
    <SepCalc url="https://www.worldflight.com.au/files/sepcalc1.html" />
    <SkyVector url="https://skyvector.com" />
    <Windy url="https://windy.com" />
  </Browsers>
</MET>