<?xml version="1.0" encoding="utf-8"?>
<Positions xmlns:xsd="http://www.w3.org/2001/XMLSchema"
  xmlns:xsi="http://www.w3.org/2001/XMLSchema-instance">

  <!--ACC
  Positions-->

  <Group Name="Enroute">

    <Position Name="Khartoum North (Bandbox)" Type="ASD" DefaultCenter="+14.229056+030.242251"
      DefaultRange="2500">
      <Sectors>
        <Sector Name="KN" />
        <Sector Name="KS" />
        <Sector Name="JB" />
      </Sectors>
      <ManualVisibility>
        <Point>+17.334444+034.673889</Point>
        <Point>+18.433611+029.096667</Point>
        <Point>+12.508333+027.110833</Point>
        <Point>+08.655556+031.638611</Point>
      </ManualVisibility>
      <Maps>
        <Map Name="ALL_NAVAIDS" />
        <Map Name="ALL_NAVAIDS_NAMES" />
        <Map Name="COAST" />
        <Map Name="FIR_BDRY" />
        <Map Name="ALL_TMA" />
        <Map Name="ALL_ROUTE_HIGH" />
        <Map Name="ALL_POINTS_HIGH" />
      </Maps>
      <Strips Mode="State" Sort="Time">
        <Window Type="State" State="Jurisdiction" Visible="true" />
        <Window Type="State" State="Announced" Visible="true" />
        <Window Type="State" State="Preactive" Visible="true" />
      </Strips>
      <ArrivalLists>
        <Airport Name="HSSK" />
        <Airport Name="HSPN" />
        <Airport Name="HJJJ" />
      </ArrivalLists>
      <CFL QuickLevel="4000" />
      <ControllerInfo>
        <Line>"Khartoum Center" | CPDLC [HSSS] AVIL FOR FANS 1/A EQUIP ACFT FL245+</Line>
        <Line>Covering Khartoum and Juba FIR when local ATC offline</Line>
        <Line>Charts: https://vats.im/NEAcharts</Line>
        <Line>Feedback: https://vats.im/nea-feedback</Line>
      </ControllerInfo>
    </Position>

    <Position Name="Khartoum South" Type="ASD" DefaultCenter="+11.299281+029.989239"
      DefaultRange="1500">
      <Sectors>
        <Sector Name="KS" />
        <Sector Name="JB" />
      </Sectors>
      <ManualVisibility>
        <Point>+13.598358+025.302961</Point>
        <Point>+04.876111+031.599722</Point>
        <Point>+15.407639+036.337222</Point>
      </ManualVisibility>
      <Maps>
        <Map Name="ALL_NAVAIDS" />
        <Map Name="ALL_NAVAIDS_NAMES" />
        <Map Name="COAST" />
        <Map Name="FIR_BDRY" />
        <Map Name="ALL_TMA" />
        <Map Name="ALL_ROUTE_HIGH" />
        <Map Name="ALL_POINTS_HIGH" />
      </Maps>
      <Strips Mode="State" Sort="Time">
        <Window Type="State" State="Jurisdiction" Visible="true" />
        <Window Type="State" State="Announced" Visible="true" />
        <Window Type="State" State="Preactive" Visible="true" />
      </Strips>
      <ArrivalLists>
        <Airport Name="HJJJ" />
        <Airport Name="HSNN" />
        <Airport Name="HSOB" />
        <Airport Name="HSFS" />
      </ArrivalLists>
      <CFL QuickLevel="4000" />
      <ControllerInfo>
        <Line>"Khartoum Center" | CPDLC [HJJJ] AVIL FOR FANS 1/A EQUIP ACFT FL245+</Line>
        <Line>Covering the South Sector above FL245+ and Juba FIR when local ATC offline</Line>
        <Line>Charts: https://vats.im/NEAcharts</Line>
        <Line>Feedback: https://vats.im/nea-feedback</Line>
      </ControllerInfo>
    </Position>

    <Position Name="Juba" Type="ASD" DefaultCenter="+07.643810+030.259285" DefaultRange="1500">
      <Sectors>
        <Sector Name="JB" />
      </Sectors>
      <ManualVisibility>
        <Point>+13.598358+025.302961</Point>
        <Point>+04.876111+031.599722</Point>
        <Point>+15.407639+036.337222</Point>
      </ManualVisibility>
      <Maps>
        <Map Name="ALL_NAVAIDS" />
        <Map Name="ALL_NAVAIDS_NAMES" />
        <Map Name="COAST" />
        <Map Name="FIR_BDRY" />
        <Map Name="ALL_TMA" />
        <Map Name="ALL_ROUTE_HIGH" />
        <Map Name="ALL_POINTS_HIGH" />
      </Maps>
      <Strips Mode="State" Sort="Time">
        <Window Type="State" State="Jurisdiction" Visible="true" />
        <Window Type="State" State="Announced" Visible="true" />
        <Window Type="State" State="Preactive" Visible="true" />
      </Strips>
      <ArrivalLists>
        <Airport Name="HJJJ" />
      </ArrivalLists>
      <CFL QuickLevel="6000" />
      <ControllerInfo>
        <Line>"Juba Control"</Line>
        <Line>Covering HJJJ FIR up to FL245 | Report Callsign, Aircraft Type and Position on Initial
          Contact</Line>
        <Line>Charts: https://vats.im/NEAcharts</Line>
        <Line>Feedback: https://vats.im/nea-feedback</Line>
      </ControllerInfo>
    </Position>

  </Group>

  <!--APP
  Positions-->

  <Group Name="Approach">

    <Position Name="Khartoum" Type="ASD" DefaultCenter="+15.197889+032.556797" DefaultRange="450">
      <Sectors>
        <Sector Name="KA" />
      </Sectors>
      <Maps>
        <Map Name="ALL_NAVAIDS" />
        <Map Name="ALL_NAVAIDS_NAMES" />
        <Map Name="COAST" />
        <Map Name="FIR_BDRY" />
        <Map Name="ALL_TMA" />
        <Map Name="ALL_CTR" />
        <Map Name="ALL_ROUTE_HIGH" />
        <Map Name="ALL_POINTS_HIGH" />
      </Maps>
      <Strips Mode="State" Sort="Time">
        <Window Type="State" State="Jurisdiction" Visible="true" />
        <Window Type="State" State="Announced" Visible="true" />
        <Window Type="State" State="Preactive" Visible="true" />
      </Strips>
      <ArrivalLists>
        <Airport Name="HSSK" />
      </ArrivalLists>
      <CFL QuickLevel="4000" />
      <CFL QuickLevel="28000" />
      <ControllerInfo>
        <Line>"Khartoum Approach"</Line>
        <Line>Covering Khartoum TMA upto FL285</Line>
        <Line>Charts: https://vats.im/NEAcharts</Line>
        <Line>Feedback: https://vats.im/nea-feedback</Line>
      </ControllerInfo>
    </Position>

    <Position Name="Merowe" Type="ASD" DefaultCenter="+18.443056+031.843056" DefaultRange="200">
      <Sectors>
        <Sector Name="MA" />
      </Sectors>
      <Maps>
        <Map Name="ALL_NAVAIDS" />
        <Map Name="ALL_NAVAIDS_NAMES" />
        <Map Name="COAST" />
        <Map Name="FIR_BDRY" />
        <Map Name="ALL_TMA" />
        <Map Name="ALL_CTR" />
        <Map Name="ALL_ROUTE_HIGH" />
        <Map Name="ALL_POINTS_HIGH" />
      </Maps>
      <Strips Mode="State" Sort="Time">
        <Window Type="State" State="Jurisdiction" Visible="true" />
        <Window Type="State" State="Announced" Visible="true" />
        <Window Type="State" State="Preactive" Visible="true" />
      </Strips>
      <ArrivalLists>
        <Airport Name="HSMN" />
      </ArrivalLists>
      <CFL QuickLevel="4000" />
      <CFL QuickLevel="19000" />
      <ControllerInfo>
        <Line>"Merowe Approach"</Line>
        <Line>Covering Merowe TMA upto FL195</Line>
        <Line>Charts: https://vats.im/NEAcharts</Line>
        <Line>Feedback: https://vats.im/nea-feedback</Line>
      </ControllerInfo>
    </Position>


    <Position Name="El-Fashir" Type="ASD" DefaultCenter="+13.614722+025.324445" DefaultRange="250">
      <Sectors>
        <Sector Name="FA" />
      </Sectors>
      <Maps>
        <Map Name="ALL_NAVAIDS" />
        <Map Name="ALL_NAVAIDS_NAMES" />
        <Map Name="COAST" />
        <Map Name="FIR_BDRY" />
        <Map Name="ALL_TMA" />
        <Map Name="ALL_CTR" />
        <Map Name="ALL_ROUTE_HIGH" />
        <Map Name="ALL_POINTS_HIGH" />
      </Maps>
      <Strips Mode="State" Sort="Time">
        <Window Type="State" State="Jurisdiction" Visible="true" />
        <Window Type="State" State="Announced" Visible="true" />
        <Window Type="State" State="Preactive" Visible="true" />
      </Strips>
      <CFL QuickLevel="4000" />
      <CFL QuickLevel="14000" />
      <ArrivalLists>
        <Airport Name="HSFS" />
      </ArrivalLists>
      <ControllerInfo>
        <Line>"El-Fashir Approach"</Line>
        <Line>Covering El-Fashir TMA upto FL145</Line>
        <Line>Charts: https://vats.im/NEAcharts</Line>
        <Line>Feedback: https://vats.im/nea-feedback</Line>
      </ControllerInfo>
    </Position>

    <Position Name="Genina" Type="ASD" DefaultCenter="+13.477500+022.537167" DefaultRange="250">
      <Sectors>
        <Sector Name="GA" />
      </Sectors>
      <Maps>
        <Map Name="ALL_NAVAIDS" />
        <Map Name="ALL_NAVAIDS_NAMES" />
        <Map Name="COAST" />
        <Map Name="FIR_BDRY" />
        <Map Name="ALL_TMA" />
        <Map Name="ALL_CTR" />
        <Map Name="ALL_ROUTE_HIGH" />
        <Map Name="ALL_POINTS_HIGH" />
      </Maps>
      <Strips Mode="State" Sort="Time">
        <Window Type="State" State="Jurisdiction" Visible="true" />
        <Window Type="State" State="Announced" Visible="true" />
        <Window Type="State" State="Preactive" Visible="true" />
      </Strips>
      <CFL QuickLevel="4000" />
      <CFL QuickLevel="14000" />
      <ArrivalLists>
        <Airport Name="HSSG" />
        <Airport Name="HSGN" />
      </ArrivalLists>
      <ControllerInfo>
        <Line>"Genina Approach"</Line>
        <Line>Covering Genina Approach TMA upto FL145</Line>
        <Line>Charts: https://vats.im/NEAcharts</Line>
        <Line>Feedback: https://vats.im/nea-feedback</Line>
      </ControllerInfo>
    </Position>

    <Position Name="Port Sudan" Type="ASD" DefaultCenter="+19.433667+037.234167" DefaultRange="250">
      <Sectors>
        <Sector Name="PA" />
      </Sectors>
      <Maps>
        <Map Name="ALL_NAVAIDS" />
        <Map Name="ALL_NAVAIDS_NAMES" />
        <Map Name="COAST" />
        <Map Name="FIR_BDRY" />
        <Map Name="ALL_TMA" />
        <Map Name="ALL_CTR" />
        <Map Name="ALL_ROUTE_HIGH" />
        <Map Name="ALL_POINTS_HIGH" />
      </Maps>
      <Strips Mode="State" Sort="Time">
        <Window Type="State" State="Jurisdiction" Visible="true" />
        <Window Type="State" State="Announced" Visible="true" />
        <Window Type="State" State="Preactive" Visible="true" />
      </Strips>
      <CFL QuickLevel="4000" />
      <CFL QuickLevel="19000" />
      <ArrivalLists>
        <Airport Name="HSPN" />
      </ArrivalLists>
      <ControllerInfo>
        <Line>"Port Sudan Approach"</Line>
        <Line>Covering Port Sudan TMA upto FL195</Line>
        <Line>Charts: https://vats.im/NEAcharts</Line>
        <Line>Feedback: https://vats.im/nea-feedback</Line>
      </ControllerInfo>
    </Position>

  </Group>

  <!--Control
  TWR Positions-->

  <Group Name="Control Tower">
    <Position Name="Khartoum" Type="ASD" DefaultCenter="+15.589444+032.553056" DefaultRange="100">
      <Sectors>
        <Sector Name="KR ADC" />
      </Sectors>
      <Maps>
        <Map Name="ALL_NAVAIDS" />
        <Map Name="ALL_NAVAIDS_NAMES" />
        <Map Name="COAST" />
        <Map Name="FIR_BDRY" />
        <Map Name="ALL_TMA" />
        <Map Name="ALL_CTR" />
        <Map Name="ALL_ROUTE_HIGH" />
        <Map Name="ALL_POINTS_HIGH" />
      </Maps>
      <Strips Mode="Beacon" Sort="Alpha">
        <Window Type="ADEP" Beacon="HSSK" Visible="true" />
      </Strips>
      <CFL QuickLevel="4000" />
      <ArrivalLists>
        <Airport Name="HSSK" />
      </ArrivalLists>
      <ControllerInfo>
        <Line>"Khartoum Tower"</Line>
        <Line>Report Callsign, Aircraft Type and Position on Initial Contact</Line>
        <Line>Charts: https://vats.im/NEAcharts</Line>
        <Line>Feedback: https://vats.im/nea-feedback</Line>
      </ControllerInfo>
    </Position>

    <Position Name="Port Sudan" Type="ASD" DefaultCenter="+19.433667+037.234167" DefaultRange="100">
      <Sectors>
        <Sector Name="PS ADC" />
      </Sectors>
      <Maps>
        <Map Name="ALL_NAVAIDS" />
        <Map Name="ALL_NAVAIDS_NAMES" />
        <Map Name="COAST" />
        <Map Name="FIR_BDRY" />
        <Map Name="ALL_TMA" />
        <Map Name="ALL_CTR" />
        <Map Name="ALL_ROUTE_HIGH" />
        <Map Name="ALL_POINTS_HIGH" />
      </Maps>
      <Strips Mode="Beacon" Sort="Alpha">
        <Window Type="ADEP" Beacon="HSPN" Visible="true" />
      </Strips>
      <CFL QuickLevel="4000" />
      <ArrivalLists>
        <Airport Name="HSPN" />
      </ArrivalLists>
      <ControllerInfo>
        <Line>"Port Sudan Tower"</Line>
        <Line>Report Callsign, Aircraft Type and Position on Initial Contact</Line>
        <Line>Charts: https://vats.im/NEAcharts</Line>
        <Line>Feedback: https://vats.im/nea-feedback</Line>
      </ControllerInfo>
    </Position>

    <Position Name="Merowe" Type="ASD" DefaultCenter="+18.443056+031.843056" DefaultRange="100">
      <Sectors>
        <Sector Name="MR ADC" />
      </Sectors>
      <Maps>
        <Map Name="ALL_NAVAIDS" />
        <Map Name="ALL_NAVAIDS_NAMES" />
        <Map Name="COAST" />
        <Map Name="FIR_BDRY" />
        <Map Name="ALL_TMA" />
        <Map Name="ALL_CTR" />
        <Map Name="ALL_ROUTE_HIGH" />
        <Map Name="ALL_POINTS_HIGH" />
      </Maps>
      <Strips Mode="Beacon" Sort="Alpha">
        <Window Type="ADEP" Beacon="HSMN" Visible="true" />
      </Strips>
      <CFL QuickLevel="4000" />
      <ArrivalLists>
        <Airport Name="HSMN" />
      </ArrivalLists>
      <DepartureLists>
        <Airport Name="HSMN" />
      </DepartureLists>
      <ControllerInfo>
        <Line>"Merowe Tower"</Line>
        <Line>Report Callsign, Aircraft Type and Position on Initial Contact</Line>
        <Line>Charts: https://vats.im/NEAcharts</Line>
        <Line>Feedback: https://vats.im/nea-feedback</Line>
      </ControllerInfo>
    </Position>

    <Position Name="Genina" Type="ASD" DefaultCenter="+13.477500+022.537167" DefaultRange="100">
      <Sectors>
        <Sector Name="GN ADC" />
      </Sectors>
      <Maps>
        <Map Name="ALL_NAVAIDS" />
        <Map Name="ALL_NAVAIDS_NAMES" />
        <Map Name="COAST" />
        <Map Name="FIR_BDRY" />
        <Map Name="ALL_TMA" />
        <Map Name="ALL_CTR" />
        <Map Name="ALL_ROUTE_HIGH" />
        <Map Name="ALL_POINTS_HIGH" />
      </Maps>
      <Strips Mode="Beacon" Sort="Alpha">
        <Window Type="ADEP" Beacon="HSSG" Visible="true" />
      </Strips>
      <CFL QuickLevel="4000" />
      <ArrivalLists>
        <Airport Name="HSSG" />
      </ArrivalLists>
      <ControllerInfo>
        <Line>"Genina Tower"</Line>
        <Line>Report Callsign, Aircraft Type and Position on Initial Contact</Line>
        <Line>Charts: https://vats.im/NEAcharts</Line>
        <Line>Feedback: https://vats.im/nea-feedback</Line>
      </ControllerInfo>
    </Position>

    <Position Name="El-Fashir" Type="ASD" DefaultCenter="+13.614722+025.324445" DefaultRange="100">
      <Sectors>
        <Sector Name="FS ADC" />
      </Sectors>
      <Maps>
        <Map Name="ALL_NAVAIDS" />
        <Map Name="ALL_NAVAIDS_NAMES" />
        <Map Name="COAST" />
        <Map Name="FIR_BDRY" />
        <Map Name="ALL_TMA" />
        <Map Name="ALL_CTR" />
        <Map Name="ALL_ROUTE_HIGH" />
        <Map Name="ALL_POINTS_HIGH" />
      </Maps>
      <Strips Mode="Beacon" Sort="Alpha">
        <Window Type="ADEP" Beacon="HSFS" Visible="true" />
      </Strips>
      <CFL QuickLevel="4000" />
      <ArrivalLists>
        <Airport Name="HSFS" />
      </ArrivalLists>
      <ControllerInfo>
        <Line>"El-Fashir Tower"</Line>
        <Line>Report Callsign, Aircraft Type and Position on Initial Contact</Line>
        <Line>Charts: https://vats.im/NEAcharts</Line>
        <Line>Feedback: https://vats.im/nea-feedback</Line>
      </ControllerInfo>
    </Position>

    <Position Name="Neyala" Type="ASD" DefaultCenter="+12.053611+024.956111" DefaultRange="100">
      <Sectors>
        <Sector Name="NY ADC" />
      </Sectors>
      <Maps>
        <Map Name="ALL_NAVAIDS" />
        <Map Name="ALL_NAVAIDS_NAMES" />
        <Map Name="COAST" />
        <Map Name="FIR_BDRY" />
        <Map Name="ALL_TMA" />
        <Map Name="ALL_CTR" />
        <Map Name="ALL_ROUTE_HIGH" />
        <Map Name="ALL_POINTS_HIGH" />
      </Maps>
      <Strips Mode="Beacon" Sort="Alpha">
        <Window Type="ADEP" Beacon="HSSK" Visible="true" />
      </Strips>
      <ArrivalLists>
        <Airport Name="HSNN" />
      </ArrivalLists>
      <ControllerInfo>
        <Line>"Neyala Tower"</Line>
        <Line>Report Callsign, Aircraft Type and Position on Initial Contact</Line>
        <Line>Charts: https://vats.im/NEAcharts</Line>
        <Line>Feedback: https://vats.im/nea-feedback</Line>
      </ControllerInfo>
    </Position>

    <Position Name="Dongola" Type="ASD" DefaultCenter="+19.153611+030.430000" DefaultRange="100">
      <Sectors>
        <Sector Name="DN ADC" />
      </Sectors>
      <Maps>
        <Map Name="ALL_NAVAIDS" />
        <Map Name="ALL_NAVAIDS_NAMES" />
        <Map Name="COAST" />
        <Map Name="FIR_BDRY" />
        <Map Name="ALL_TMA" />
        <Map Name="ALL_CTR" />
        <Map Name="ALL_ROUTE_HIGH" />
        <Map Name="ALL_POINTS_HIGH" />
      </Maps>
      <Strips Mode="Beacon" Sort="Alpha">
        <Window Type="ADEP" Beacon="HSDN" Visible="true" />
      </Strips>
      <ArrivalLists>
        <Airport Name="HSDN" />
      </ArrivalLists>
      <ControllerInfo>
        <Line>"Dongola Tower"</Line>
        <Line>Report Callsign, Aircraft Type and Position on Initial Contact</Line>
        <Line>Charts: https://vats.im/NEAcharts</Line>
        <Line>Feedback: https://vats.im/nea-feedback</Line>
      </ControllerInfo>
    </Position>

    <Position Name="El-Obied" Type="ASD" DefaultCenter="+13.152833+030.232833" DefaultRange="100">
      <Sectors>
        <Sector Name="OB ADC" />
      </Sectors>
      <Maps>
        <Map Name="ALL_NAVAIDS" />
        <Map Name="ALL_NAVAIDS_NAMES" />
        <Map Name="COAST" />
        <Map Name="FIR_BDRY" />
        <Map Name="ALL_TMA" />
        <Map Name="ALL_CTR" />
        <Map Name="ALL_ROUTE_HIGH" />
        <Map Name="ALL_POINTS_HIGH" />
      </Maps>
      <Strips Mode="Beacon" Sort="Alpha">
        <Window Type="ADEP" Beacon="HSOB" Visible="true" />
      </Strips>
      <ArrivalLists>
        <Airport Name="HSOB" />
      </ArrivalLists>
      <ControllerInfo>
        <Line>"El-Obied Tower"</Line>
        <Line>Report Callsign, Aircraft Type and Position on Initial Contact</Line>
        <Line>Charts: https://vats.im/NEAcharts</Line>
        <Line>Feedback: https://vats.im/nea-feedback</Line>
      </ControllerInfo>
    </Position>

    <Position Name="Kassala" Type="ASD" DefaultCenter="+15.387222+036.328611" DefaultRange="100">
      <Sectors>
        <Sector Name="KS ADC" />
      </Sectors>
      <Maps>
        <Map Name="ALL_NAVAIDS" />
        <Map Name="ALL_NAVAIDS_NAMES" />
        <Map Name="COAST" />
        <Map Name="FIR_BDRY" />
        <Map Name="ALL_TMA" />
        <Map Name="ALL_CTR" />
        <Map Name="ALL_ROUTE_HIGH" />
        <Map Name="ALL_POINTS_HIGH" />
      </Maps>
      <Strips Mode="Beacon" Sort="Alpha">
        <Window Type="ADEP" Beacon="HSKA" Visible="true" />
      </Strips>
      <ArrivalLists>
        <Airport Name="HSKA" />
      </ArrivalLists>
      <ControllerInfo>
        <Line>"Kassala Tower"</Line>
        <Line>Report Callsign, Aircraft Type and Position on Initial Contact</Line>
        <Line>Charts: https://vats.im/NEAcharts</Line>
        <Line>Feedback: https://vats.im/nea-feedback</Line>
      </ControllerInfo>
    </Position>

    <Position Name="Juba" Type="ASD" DefaultCenter="+04.871944+031.601111" DefaultRange="100">
      <Sectors>
        <Sector Name="JB ADC" />
      </Sectors>
      <Maps>
        <Map Name="ALL_NAVAIDS" />
        <Map Name="ALL_NAVAIDS_NAMES" />
        <Map Name="COAST" />
        <Map Name="FIR_BDRY" />
        <Map Name="ALL_TMA" />
        <Map Name="ALL_CTR" />
        <Map Name="ALL_ROUTE_HIGH" />
        <Map Name="ALL_POINTS_HIGH" />
      </Maps>
      <Strips Mode="Beacon" Sort="Alpha">
        <Window Type="ADEP" Beacon="HJJJ" Visible="true" />
      </Strips>
      <ArrivalLists>
        <Airport Name="HJJJ" />
      </ArrivalLists>
      <ControllerInfo>
        <Line>"Juba Tower"</Line>
        <Line>Report Callsign, Aircraft Type and Position on Initial Contact</Line>
        <Line>Charts: https://vats.im/NEAcharts</Line>
        <Line>Feedback: https://vats.im/nea-feedback</Line>
      </ControllerInfo>
      <ControllerInfo>
        <Line>"Juba Ground"</Line>
        <Line>Report Callsign, Aircraft Type and Position on Initial Contact</Line>
        <Line>Charts: https://vats.im/NEAcharts</Line>
        <Line>Feedback: https://vats.im/nea-feedback</Line>
      </ControllerInfo>
    </Position>

  </Group>

  <!--Procedural
  TWR Positions-->

  <Group Name="Procedural Tower">
    <Position Name="Atbara" Type="ASD" DefaultCenter="+17.709667+034.057167" DefaultRange="100">
      <Sectors>
        <Sector Name="AT ADC" />
      </Sectors>
      <Maps>
        <Map Name="ALL_NAVAIDS" />
        <Map Name="ALL_NAVAIDS_NAMES" />
        <Map Name="COAST" />
        <Map Name="FIR_BDRY" />
        <Map Name="ALL_TMA" />
        <Map Name="ALL_CTR" />
        <Map Name="ALL_ROUTE_HIGH" />
        <Map Name="ALL_POINTS_HIGH" />
        <Map Name="ALL_AIRPORTS" />
      </Maps>
      <Strips Mode="Beacon" Sort="Alpha">
        <Window Type="ADEP" Beacon="HSAT" Visible="true" />
      </Strips>
      <ArrivalLists>
        <Airport Name="HSAT" />
      </ArrivalLists>
      <ControllerInfo>
        <Line>"Atbara Radio" | Procedural Service</Line>
        <Line>Report Callsign, Aircraft Type and Position on Initial Contact</Line>
        <Line>Charts: https://vats.im/NEAcharts</Line>
        <Line>Feedback: https://vats.im/nea-feedback</Line>
      </ControllerInfo>
    </Position>

    <Position Name="Wadi Halfa" Type="ASD" DefaultCenter="+21.802833+031.522000" DefaultRange="100">
      <Sectors>
        <Sector Name="WF ADC" />
      </Sectors>
      <Maps>
        <Map Name="ALL_NAVAIDS" />
        <Map Name="ALL_NAVAIDS_NAMES" />
        <Map Name="COAST" />
        <Map Name="FIR_BDRY" />
        <Map Name="ALL_TMA" />
        <Map Name="ALL_CTR" />
        <Map Name="ALL_ROUTE_HIGH" />
        <Map Name="ALL_POINTS_HIGH" />
        <Map Name="ALL_AIRPORTS" />
      </Maps>
      <Strips Mode="Beacon" Sort="Alpha">
        <Window Type="ADEP" Beacon="HSWW" Visible="true" />
      </Strips>
      <ArrivalLists>
        <Airport Name="HSWW" />
      </ArrivalLists>
      <ControllerInfo>
        <Line>"Wadi Halfa Radio" | Procedural Service</Line>
        <Line>Report Callsign, Aircraft Type and Position on Initial Contact</Line>
        <Line>Charts: https://vats.im/NEAcharts</Line>
        <Line>Feedback: https://vats.im/nea-feedback</Line>
      </ControllerInfo>
    </Position>

    <Position Name="Damazin" Type="ASD" DefaultCenter="+11.786167+034.333333" DefaultRange="100">
      <Sectors>
        <Sector Name="DZ ADC" />
      </Sectors>
      <Maps>
        <Map Name="ALL_NAVAIDS" />
        <Map Name="ALL_NAVAIDS_NAMES" />
        <Map Name="COAST" />
        <Map Name="FIR_BDRY" />
        <Map Name="ALL_TMA" />
        <Map Name="ALL_CTR" />
        <Map Name="ALL_ROUTE_HIGH" />
        <Map Name="ALL_POINTS_HIGH" />
        <Map Name="ALL_AIRPORTS" />
      </Maps>
      <Strips Mode="Beacon" Sort="Alpha">
        <Window Type="ADEP" Beacon="HSDZ" Visible="true" />
      </Strips>
      <ArrivalLists>
        <Airport Name="HSDZ" />
      </ArrivalLists>
      <ControllerInfo>
        <Line>"Damazin Radio" | Procedural Service</Line>
        <Line>Report Callsign, Aircraft Type and Position on Initial Contact</Line>
        <Line>Charts: https://vats.im/NEAcharts</Line>
        <Line>Feedback: https://vats.im/nea-feedback</Line>
      </ControllerInfo>
    </Position>

    <Position Name="Wau" Type="ASD" DefaultCenter="+07.725833+027.975000" DefaultRange="100">
      <Sectors>
        <Sector Name="WO ADC" />
      </Sectors>
      <Maps>
        <Map Name="ALL_NAVAIDS" />
        <Map Name="ALL_NAVAIDS_NAMES" />
        <Map Name="COAST" />
        <Map Name="FIR_BDRY" />
        <Map Name="ALL_TMA" />
        <Map Name="ALL_CTR" />
        <Map Name="ALL_ROUTE_HIGH" />
        <Map Name="ALL_POINTS_HIGH" />
        <Map Name="ALL_AIRPORTS" />
      </Maps>
      <Strips Mode="Beacon" Sort="Alpha">
        <Window Type="ADEP" Beacon="HJWW" Visible="true" />
      </Strips>
      <ArrivalLists>
        <Airport Name="HJWW" />
      </ArrivalLists>
      <ControllerInfo>
        <Line>"Wau Radio" | Procedural Service</Line>
        <Line>Report Callsign, Aircraft Type and Position on Initial Contact</Line>
        <Line>Charts: https://vats.im/NEAcharts</Line>
        <Line>Feedback: https://vats.im/nea-feedback</Line>
      </ControllerInfo>
    </Position>

    <Position Name="Kadugli" Type="ASD" DefaultCenter="+11.137222+029.699167" DefaultRange="100">
      <Sectors>
        <Sector Name="KD ADC" />
      </Sectors>
      <Maps>
        <Map Name="ALL_NAVAIDS" />
        <Map Name="ALL_NAVAIDS_NAMES" />
        <Map Name="COAST" />
        <Map Name="FIR_BDRY" />
        <Map Name="ALL_TMA" />
        <Map Name="ALL_CTR" />
        <Map Name="ALL_ROUTE_HIGH" />
        <Map Name="ALL_POINTS_HIGH" />
        <Map Name="ALL_AIRPORTS" />
      </Maps>
      <Strips Mode="Beacon" Sort="Alpha">
        <Window Type="ADEP" Beacon="HSLI" Visible="true" />
      </Strips>
      <ArrivalLists>
        <Airport Name="HSLI" />
      </ArrivalLists>
      <ControllerInfo>
        <Line>"Kadugli Radio" | Procedural Service</Line>
        <Line>Report Callsign, Aircraft Type and Position on Initial Contact</Line>
        <Line>Charts: https://vats.im/NEAcharts</Line>
        <Line>Feedback: https://vats.im/nea-feedback</Line>
      </ControllerInfo>
    </Position>

    <Position Name="Malakal" Type="ASD" DefaultCenter="+09.558889+031.652222" DefaultRange="100">
      <Sectors>
        <Sector Name="ML ADC" />
      </Sectors>
      <Maps>
        <Map Name="ALL_NAVAIDS" />
        <Map Name="ALL_NAVAIDS_NAMES" />
        <Map Name="COAST" />
        <Map Name="FIR_BDRY" />
        <Map Name="ALL_TMA" />
        <Map Name="ALL_CTR" />
        <Map Name="ALL_ROUTE_HIGH" />
        <Map Name="ALL_POINTS_HIGH" />
        <Map Name="ALL_AIRPORTS" />
      </Maps>
      <Strips Mode="Beacon" Sort="Alpha">
        <Window Type="ADEP" Beacon="HJMK" Visible="true" />
      </Strips>
      <ArrivalLists>
        <Airport Name="HJMK" />
      </ArrivalLists>
      <ControllerInfo>
        <Line>"Malakal Radio" | Procedural Service</Line>
        <Line>Report Callsign, Aircraft Type and Position on Initial Contact</Line>
        <Line>Charts: https://vats.im/NEAcharts</Line>
        <Line>Feedback: https://vats.im/nea-feedback</Line>
      </ControllerInfo>
    </Position>

  </Group>

  <Position Name="HSSK" Type="ASMGCS" ASMGCSAirport="HSSK" DefaultCenter="+15.590278+032.553056"
    DefaultRange="3">
    <Maps>
      <Map Name="Khartoum/HSSK_TWYS" />
      <Map Name="Khartoum/HSSK_BLDS" />
      <Map Name="Khartoum/HSSK_RWYS" />
      <Map Name="ASMGCS_TAXI_ALL" />
    </Maps>
  </Position>
  <Position Name="HSPN" Type="ASMGCS" ASMGCSAirport="HSPN" DefaultCenter="+19.433611+037.234167"
    DefaultRange="3">
    <Maps>
      <Map Name="Port Sudan/HSPN_TWYS" />
      <Map Name="Port Sudan/HSPN_RWYS" />
      <Map Name="Port Sudan/HSPN_GRASS" />
      <Map Name="ASMGCS_TAXI_ALL" />
    </Maps>
  </Position>
  <Position Name="HJJJ" Type="ASMGCS" ASMGCSAirport="HJJJ" DefaultCenter="+04.8710+031.6011"
    DefaultRange="3">
    <Maps>
      <Map Name="Juba/HJJJ_TWYS" />
      <Map Name="Juba/HJJJ_RWYS" />
      <Map Name="Juba/HJJJ_GRASS" />
      <Map Name="ASMGCS_TAXI_ALL" />
    </Maps>
  </Position>
  <Position Name="HSMN" Type="ASMGCS" ASMGCSAirport="HSMN" DefaultCenter="+18.442545+031.843383"
    DefaultRange="3">
    <Maps>
      <Map Name="Merowe/HSMN_TWYS" />
      <Map Name="Merowe/HSMN_BLDS" />
      <Map Name="Merowe/HSMN_RWYS" />
      <Map Name="ASMGCS_TAXI_ALL" />
    </Maps>
  </Position>
  <Position Name="HSAT" Type="ASMGCS" ASMGCSAirport="HSAT" DefaultCenter="+17.709722+034.057222"
    DefaultRange="3">
    <Maps>
      <Map Name="Atbara/HSAT_TWYS" />
      <Map Name="Atbara/HSAT_RWYS" />
      <Map Name="ASMGCS_TAXI_ALL" />
    </Maps>
  </Position>
  <Position Name="HSDZ" Type="ASMGCS" ASMGCSAirport="HSDZ" DefaultCenter="+11.786111+034.336667"
    DefaultRange="3">
    <Maps>
      <Map Name="Damazin/HSDZ_TWYS" />
      <Map Name="Damazin/HSDZ_RWYS" />
      <Map Name="Damazin/HSDZ_GRASS" />
      <Map Name="ASMGCS_TAXI_ALL" />
    </Maps>
  </Position>
  <Position Name="HSDN" Type="ASMGCS" ASMGCSAirport="HSDN" DefaultCenter="+19.152500+030.430278"
    DefaultRange="3">
    <Maps>
      <Map Name="Dongola/HSDN_TWYS" />
      <Map Name="Dongola/HSDN_RWYS" />
      <Map Name="Dongola/HSDN_GRASS" />
      <Map Name="ASMGCS_TAXI_ALL" />
    </Maps>
  </Position>
  <Position Name="HSOB" Type="ASMGCS" ASMGCSAirport="HSOB" DefaultCenter="+13.152900+030.232700"
    DefaultRange="3">
    <Maps>
      <Map Name="El-obeid/HSOB_TWYS" />
      <Map Name="El-obeid/HSOB_RWYS" />
      <Map Name="ASMGCS_TAXI_ALL" />
    </Maps>
  </Position>
  <Position Name="HSLI" Type="ASMGCS" ASMGCSAirport="HSLI" DefaultCenter="+11.137106+029.699239"
    DefaultRange="3">
    <Maps>
      <Map Name="Kadugli/HSLI_TWYS" />
      <Map Name="Kadugli/HSLI_RWYS" />
      <Map Name="Kadugli/HSLI_GRASS" />
      <Map Name="ASMGCS_TAXI_ALL" />
    </Maps>
  </Position>
  <Position Name="HSKA" Type="ASMGCS" ASMGCSAirport="HSKA" DefaultCenter="+15.387494+036.328842"
    DefaultRange="3">
    <Maps>
      <Map Name="Kassala/HSKA_TWYS" />
      <Map Name="Kassala/HSKA_RWYS" />
      <Map Name="ASMGCS_TAXI_ALL" />
    </Maps>
  </Position>
  <Position Name="HJMK" Type="ASMGCS" ASMGCSAirport="HJMK" DefaultCenter="+09.558972+031.652233"
    DefaultRange="3">
    <Maps>
      <Map Name="Malakal/HJMK_TWYS" />
      <Map Name="Malakal/HJMK_RWYS" />
      <Map Name="Malakal/HJMK_GRASS" />
      <Map Name="ASMGCS_TAXI_ALL" />
    </Maps>
  </Position>
  <Position Name="HSSG" Type="ASMGCS" ASMGCSAirport="HSSG" DefaultCenter="+13.477500+022.537222"
    DefaultRange="3">
    <Maps>
      <Map Name="Sebara/HSSG_TWYS" />
      <Map Name="Sebara/HSSG_RWYS" />
      <Map Name="Sebara/HSSG_GRASS" />
      <Map Name="ASMGCS_TAXI_ALL" />
    </Maps>
  </Position>
  <Position Name="HSSW" Type="ASMGCS" ASMGCSAirport="HSSW" DefaultCenter="+21.802778+031.521944"
    DefaultRange="3">
    <Maps>
      <Map Name="Wadi Halfa/HSSW_TWYS" />
      <Map Name="Wadi Halfa/HSSW_RWYS" />
      <Map Name="ASMGCS_TAXI_ALL" />
    </Maps>
  </Position>
  <Position Name="HJWW" Type="ASMGCS" ASMGCSAirport="HJWW" DefaultCenter="+07.725833+027.975000"
    DefaultRange="3">
    <Maps>
      <Map Name="Wau/HJWW_TWYS" />
      <Map Name="Wau/HJWW_RWYS" />
      <Map Name="Wau/HJWW_GRASS" />
      <Map Name="ASMGCS_TAXI_ALL" />
    </Maps>
  </Position>
  <Position Name="HSNN" Type="ASMGCS" ASMGCSAirport="HSNN" DefaultCenter="+12.053489+024.956125"
    DefaultRange="3">
    <Maps>
      <Map Name="Nyala/HSNN_TWYS" />
      <Map Name="Nyala/HSNN_RWYS" />
      <Map Name="Nyala/HSNN_GRASS" />
      <Map Name="ASMGCS_TAXI_ALL" />
    </Maps>
  </Position>
</Positions>